Rank,Artist Name,Song Name
2,The Weeknd,Blinding Lights
3,Ed Sheeran,Shape of You
4,Lewis Capaldi,Someone You Loved
5,The Weeknd,Starboy
6,Harry Styles,As It Was
7,Post Malone,Sunflower
8,The Neighbourhood,Sweater Weather
9,Drake,One Dance
10,The Kid LAROI,STAY
11,Imagine Dragons,Believer
12,Ed Sheeran,Perfect
13,Glass Animals,Heat Waves
14,Billie Eilish,lovely
15,Tones And I,Dance Monkey
16,The Chainsmokers,Closer
17,James Arthur,Say You Won't Let Go
18,Post Malone,rockstar
19,The Chainsmokers,Something Just Like This
20,Vance Joy,Riptide
21,Hozier,Take Me to Church
22,Harry Styles,Watermelon Sugar
23,Shawn Mendes,SeÃ±orita
24,Tom Odell,Another Love
25,Arctic Monkeys,I Wanna Be Yours
26,Coldplay,Yellow
27,OneRepublic,Counting Stars
28,Lord Huron,The Night We Met
29,Dua Lipa,Don't Start Now
30,Ed Sheeran,Photograph
31,Juice WRLD,Lucid Dreams
32,Taylor Swift,Cruel Summer
33,Macklemore,Can't Hold Us
34,Travis Scott,goosebumps
35,Post Malone,Circles
36,Queen,Bohemian Rhapsody
37,Drake,God's Plan
38,The Weeknd,Die For You
39,Ed Sheeran,Thinking out Loud
40,Justin Bieber,Love Yourself
41,Lady Gaga,Shallow
42,Billie Eilish,bad guy
43,Coldplay,Viva La Vida
44,John Legend,All Of Me
45,Bruno Mars,Just the Way You Are
46,Imagine Dragons,Thunder
47,Avicii,Wake Me Up
48,Imagine Dragons,Demons
49,The Weeknd,The Hills
50,Twenty One Pilots,Stressed Out
51,Bruno Mars,Locked out of Heaven
52,Bruno Mars,When I Was Your Man
53,Bruno Mars,That's What I Like
54,Kendrick Lamar,HUMBLE.
55,Eminem,Without Me
56,The Police,Every Breath You Take
57,The Killers,Mr. Brightside
58,J. Cole,No Role Modelz
59,Arctic Monkeys,Do I Wanna Know?
60,Eminem,Lose Yourself
61,Passenger,Let Her Go
62,Linkin Park,In the End
63,Ariana Grande,7 rings
64,Miley Cyrus,Flowers
65,French Montana,Unforgettable
66,Olivia Rodrigo,drivers license
67,DJ Snake,Let Me Love You
68,Shawn Mendes,Treat You Better
69,SZA,Kill Bill
70,Calvin Harris,One Kiss
71,Olivia Rodrigo,good 4 u
72,Justin Bieber,Sorry
73,Billie Eilish,BIRDS OF A FEATHER
74,Marshmello,Happier
75,Shawn Mendes,There's Nothing Holdin' Me Back
76,Journey,Don't Stop Believin'
77,XXXTENTACION,SAD!
78,Nirvana,Smells Like Teen Spirit
79,XXXTENTACION,Jocelyn Flores
80,Travis Scott,SICKO MODE
81,Elton John,Cold Heart
82,Major Lazer,Lean On
83,Lil Uzi Vert,XO Tour Llif3
84,The Weeknd,Save Your Tears
85,Oasis,Wonderwall
86,Jung Kook,Seven
87,"Tyler, The Creator",See You Again
88,The Goo Goo Dolls,Iris
89,Dua Lipa,Levitating
90,Coldplay,The Scientist
91,Dua Lipa,New Rules
92,Lady Gaga,Die With A Smile
93,Queen,Don't Stop Me Now
94,Mark Ronson,Uptown Funk
95,Sam Smith,Too Good At Goodbyes
96,a-ha,Take on Me
97,Sam Smith,Stay With Me
98,Camila Cabello,Havana
99,Adele,Someone Like You
100,Kendrick Lamar,All The Stars
101,Maroon 5,Memories
102,Halsey,Without Me
103,Guns N' Roses,Sweet Child O' Mine
104,Eminem,Till I Collapse
105,Linkin Park,Numb
106,Bad Bunny,DÃKITI
107,Maroon 5,Payphone
108,Mariah Carey,All I Want for Christmas Is You
109,Arctic Monkeys,505
110,Lewis Capaldi,Before You Go
111,Charlie Puth,We Don't Talk Anymore
112,Shawn Mendes,Stitches
113,Lukas Graham,7 Years
114,Alan Walker,Faded
115,Lil Nas X,INDUSTRY BABY
116,Sam Smith,I'm Not The Only One
117,Mike Posner,I Took A Pill In Ibiza
118,Roddy Ricch,The Box
119,Billie Eilish,when the party's over
120,Sabrina Carpenter,Espresso
121,Post Malone,Congratulations
122,Queen,Another One Bites The Dust
123,Eminem,The Real Slim Shady
124,Foster The People,Pumped Up Kicks
125,TOTO,Africa
126,Michael Jackson,Billie Jean
127,Manuel Turizo,La Bachata
128,Adele,Easy On Me
129,Jason Mraz,I'm Yours
130,Wiz Khalifa,See You Again
131,One Direction,Night Changes
132,XXXTENTACION,Moonlight
133,Radiohead,Creep
134,Adele,Rolling in the Deep
135,The Chainsmokers,Don't Let Me Down
136,Doja Cat,Kiss Me More
137,Post Malone,Better Now
138,The Weeknd,Call Out My Name
139,Eminem,Mockingbird
140,Imagine Dragons,Radioactive
141,Avicii,The Nights
142,Taylor Swift,Blank Space
143,Gotye,Somebody That I Used To Know
144,Coolio,Gangsta's Paradise
145,SAINt JHN,Roses (Imanbek Remix)
146,David Guetta,I'm Good (Blue)
147,BTS,Dynamite
148,Lil Nas X,MONTERO (Call Me By Your Name)
149,Maroon 5,Sugar
150,Fleetwood Mac,Dreams
151,24kGoldn,Mood
152,WALK THE MOON,Shut Up and Dance
153,Bad Bunny,Me Porto Bonito
154,Tears For Fears,Everybody Wants To Rule The World
155,Benson Boone,Beautiful Things
156,Calvin Harris,We Found Love
157,J Balvin,LA CANCIÃN
158,Ariana Grande,"thank u, next"
159,Arctic Monkeys,Why'd You Only Call Me When You're High?
160,Maroon 5,Maps
161,Charlie Puth,Attention
162,Lauv,I Like Me Better
163,Shakira,Hips Don't Lie
164,Danny Ocean,Me RehÃºso
165,Conan Gray,Heather
166,Travis Scott,HIGHEST IN THE ROOM
167,Lucenzo,Danza Kuduro
168,Twenty One Pilots,Heathens
169,Ed Sheeran,I Don't Care
170,Alec Benjamin,Let Me Down Slowly
171,Sia,Chandelier
172,Calvin Harris,This Is What You Came For
173,Creedence Clearwater Revival,Have You Ever Seen The Rain
174,Keane,Somewhere Only We Know
175,5 Seconds of Summer,Youngblood
176,Adele,Set Fire to the Rain
177,Twenty One Pilots,Ride
178,Ruth B.,Dandelions
179,OneRepublic,I Ain't Worried
180,"Earth, Wind & Fire",September
181,ZAYN,Dusk Till Dawn
182,Dean Lewis,Be Alright
183,Tame Impala,The Less I Know The Better
184,Dream Supplier,Clean Baby Sleep White Noise (Loopable)
185,Sia,Cheap Thrills
186,The Weeknd,I Feel It Coming
187,The Weeknd,Can't Feel My Face
188,benny blanco,Eastside
189,Coldplay,A Sky Full of Stars
190,Christina Perri,A Thousand Years
191,XXXTENTACION,Fuck Love
192,Ed Sheeran,Bad Habits
193,OMI,Cheerleader
194,The White Stripes,Seven Nation Army
195,AC/DC,Highway to Hell
196,Justin Bieber,Ghost
197,Luis Fonsi,Despacito
198,Juice WRLD,All Girls Are The Same
199,Olivia Rodrigo,deja vu
200,David Guetta,Titanium
201,Bon Jovi,Livin' On A Prayer
202,The Walters,I Love You So
203,Justin Timberlake,"CAN'T STOP THE FEELING! (from DreamWorks Animation's ""TROLLS"")"
204,Olivia Rodrigo,traitor
205,Bizarrap,"Quevedo: Bzrp Music Sessions, Vol. 52"
206,Wham!,Last Christmas
207,The Weeknd,Earned It (Fifty Shades Of Grey)
208,ZAYN,I Donât Wanna Live Forever (Fifty Shades Darker)
209,Doja Cat,Woman
210,MÃ¥neskin,Beggin'
211,Queen,Under Pressure
212,Eagles,Hotel California
213,Harry Styles,Adore You
214,Billie Eilish,everything i wanted
215,Miley Cyrus,Party In The U.S.A.
216,Ava Max,Sweet but Psycho
217,Future,Mask Off
218,Lana Del Rey,Summertime Sadness
219,Kendrick Lamar,Money Trees
220,Drake,Passionfruit
221,Rihanna,Umbrella
222,AC/DC,Back In Black
223,The Weeknd,Save Your Tears (Remix)
224,Powfu,death bed (coffee for your head)
225,Eminem,Love The Way You Lie
226,Ed Sheeran,Shivers
227,Taylor Swift,Anti-Hero
228,Train,"Hey, Soul Sister"
229,Cigarettes After Sex,Apocalypse
230,AC/DC,Thunderstruck
231,Post Malone,Wow.
232,Justin Bieber,What Do You Mean?
233,DNCE,Cake By The Ocean
234,Luis Fonsi,Despacito
235,XXXTENTACION,Everybody Dies In Their Nightmares
236,MUSIC LAB JPN,Cake By The Ocean
237,Childish Gambino,Redbone
238,Pitbull,Timber
239,Bastille,Pompeii
240,50 Cent,In Da Club
241,Offset,Ric Flair Drip
242,Marshmello,Silence
243,The Weeknd,One Of The Girls
244,The Neighbourhood,Daddy Issues
245,Rihanna,Love On The Brain
246,MAGIC!,Rude
247,Frank Ocean,Pink + White
248,Calvin Harris,Summer
249,Maroon 5,Moves Like Jagger
250,Gorillaz,Feel Good Inc.
251,Imagine Dragons,Enemy
252,Kings of Leon,Sex on Fire
253,Harry Styles,Sign of the Times
254,Sam Smith,Unholy
255,Justin Bieber,Peaches
256,Billie Eilish,ocean eyes
257,Trevor Daniel,Falling
258,Panic! At The Disco,High Hopes
259,Coldplay,Fix You
260,BeyoncÃ©,Halo
261,Tate McRae,greedy
262,Maroon 5,Girls Like You
263,Backstreet Boys,I Want It That Way
264,Ariana Grande,One Last Time
265,Taylor Swift,Lover
266,Daniel Caesar,Best Part
267,Miguel,Sure Thing
268,Post Malone,I Fall Apart
269,Cardi B,I Like It
270,Bruno Mars,Talking to the Moon
271,DaBaby,ROCKSTAR
272,Khalid,Young Dumb & Broke
273,The Script,Hall of Fame
274,Dua Lipa,IDGAF
275,XXXTENTACION,Revenge
276,Black Eyed Peas,I Gotta Feeling
277,Bad Bunny,TitÃ­ Me PreguntÃ³
278,Tate McRae,you broke me first
279,XXXTENTACION,Hope
280,Teddy Swims,Lose Control
281,Eminem,Godzilla
282,Lil Tecca,Ransom
283,Rihanna,Needed Me
284,Maroon 5,She Will Be Loved
285,Major Lazer,Cold Water
286,Milky Chance,Stolen Dance
287,Katy Perry,Dark Horse
288,DJ Snake,Taki Taki
289,Adele,Hello
290,Travis Scott,BUTTERFLY EFFECT
291,Clean Bandit,Rockabye
292,Zara Larsson,Lush Life
293,White Noise Baby Sleep,Clean White Noise
294,Anne-Marie,2002
295,Steve Lacy,Dark Red
296,Carly Rae Jepsen,Call Me Maybe
297,Metallica,Enter Sandman
298,Coldplay,Hymn for the Weekend
299,Clean Bandit,Symphony
300,Eurythmics,Sweet Dreams (Are Made of This)
301,Creedence Clearwater Revival,Fortunate Son
302,Ellie Goulding,Love Me Like You Do
303,Lil Baby,Drip Too Hard
304,Bruno Mars,24K Magic
305,Rihanna,Diamonds
306,Red Hot Chili Peppers,Californication
307,Farruko,Pepas
308,Bad Bunny,Ojitos Lindos
309,Kanye West,Heartless
310,System Of A Down,Chop Suey!
311,USHER,Yeah!
312,Dr. Dre,Still D.R.E.
313,Lady Gaga,Poker Face
314,Rema,Calm Down
315,R.E.M.,Losing My Religion
316,ABBA,Dancing Queen
317,One Direction,Story of My Life
318,Taylor Swift,cardigan
319,Red Hot Chili Peppers,Under the Bridge
320,Zedd,The Middle
321,Bruno Mars,Grenade
322,JAY-Z,Ni**as In Paris
323,Taylor Swift,Shake It Off
324,Sia,Unstoppable
325,Marvin Gaye,Ain't No Mountain High Enough
326,P!nk,Just Give Me a Reason
327,Dynoro,In My Mind
328,Snoop Dogg,"Young, Wild & Free (feta. Bruno Mars)"
329,J Balvin,Mi Gente
330,Jimin,Who
331,Lana Del Rey,Young And Beautiful
332,KAROL G,Tusa
333,Maroon 5,Animals
334,Bad Bunny,Callaita
335,Post Malone,Psycho
336,Lil Nas X,Old Town Road
337,XXXTENTACION,Look At Me!
338,Ariana Grande,Into You
339,Outkast,Hey Ya!
340,NF,Let You Down
341,Ariana Grande,Side To Side
342,Kendrick Lamar,LOVE. FEAT. ZACARI.
343,Ariana Grande,positions
344,Martin Garrix,In the Name of Love
345,Nirvana,Come As You Are
346,Avicii,Waiting For Love
347,Bryson Tiller,Don't
348,Rauw Alejandro,Todo De Ti
349,Rihanna,Stay
350,Kanye West,Stronger
351,Alessia Cara,Scars To Your Beautiful
352,The Beatles,Here Comes The Sun
353,Pitbull,Give Me Everything
354,Britney Spears,Toxic
355,Capital Cities,Safe And Sound
356,Chris Brown,Under The Influence
357,Kygo,It Ainât Me
358,Metro Boomin,Creepin'
359,One Direction,What Makes You Beautiful
360,Pitbull,Time of Our Lives
361,Billie Eilish,Happier Than Ever
362,Pharrell Williams,Happy
363,Lady Gaga,Always Remember Us This Way
364,FloyyMenor,Gata Only
365,JHAYCO,No Me Conoce
366,Marshmello,FRIENDS
367,Mitski,My Love Mine All Mine
368,Arizona Zervas,ROXANNE
369,MKTO,Classic
370,Khalid,Better
371,Coldplay,Paradise
372,Fifth Harmony,Work from Home
373,Survivor,Eye of the Tiger
374,Rihanna,Work
375,Jonas Brothers,Sucker
376,Snow Patrol,Chasing Cars
377,Imagine Dragons,Bones
378,Clean Bandit,Rather Be
379,Gym Class Heroes,Stereo Hearts
380,d4vd,Romantic Homicide
381,Regard,Ride It
382,BeyoncÃ©,Crazy In Love
383,Lost Frequencies,Where Are You Now
384,ROSÃ,APT.
385,Joji,Glimpse of Us
386,Bad Bunny,Yonaguni
387,SZA,Snooze
388,ZAYN,PILLOWTALK
389,Shawn Mendes,Mercy
390,Maluma,HawÃ¡i
391,Red Hot Chili Peppers,Can't Stop
392,Kesha,TiK ToK
393,Jessie J,Bang Bang
394,Sam Smith,Dancing With A Stranger
395,Queen,We Will Rock You
396,Lady Gaga,Bad Romance
397,Bruno Mars,Leave The Door Open
398,Khalid,Location
399,gnash,"i hate u, i love u"
400,Axwell /\ Ingrosso,More Than You Know
401,The Lumineers,Ho Hey
402,Daddy Yankee,Con Calma
403,Nelly Furtado,Promiscuous
404,A$AP Rocky,Praise The Lord (Da Shine)
405,Noah Kahan,Stick Season
406,Portugal. The Man,Feel It Still
407,Ed Sheeran,Beautiful People
408,Tyga,Taste
409,The Lumineers,Ophelia
410,Bebe Rexha,Meant to Be
411,David Kushner,Daylight
412,Bad Bunny,Efecto
413,Lynyrd Skynyrd,Sweet Home Alabama
414,Adele,When We Were Young
415,Imagine Dragons,Whatever It Takes
416,Ed Sheeran,Castle on the Hill
417,G-Eazy,"Me, Myself & I"
418,Selena Gomez,Wolves
419,The Cranberries,Zombie
420,XXXTENTACION,changes
421,Chappell Roan,"Good Luck, Babe!"
422,KAROL G,PROVENZA
423,Drake,In My Feelings
424,Juice WRLD,Robbery
425,Lil Peep,Falling Down
426,Internet Money,Lemonade
427,Joji,SLOW DANCING IN THE DARK
428,Drake,Hotline Bling
429,Katy Perry,Last Friday Night (T.G.I.F.)
430,Evanescence,Bring Me To Life
431,Djo,End of Beginning
432,The Rolling Stones,"Paint It, Black"
433,Taylor Swift,august
434,Coldplay,My Universe
435,Cardi B,WAP
436,Dire Straits,Sultans Of Swing
437,Major Lazer,Light It Up (Remix)
438,AC/DC,You Shook Me All Night Long
439,Hozier,Too Sweet
440,Ariana Grande,no tears left to cry
441,Ed Sheeran,Galway Girl
442,Calvin Harris,Outside
443,Whitney Houston,I Wanna Dance with Somebody (Who Loves Me)
444,Bad Bunny,MIA
445,Lil Peep,Star Shopping
446,J. Cole,Wet Dreamz
447,J. Cole,MIDDLE CHILD
448,Bryan Adams,Summer Of '69
449,The Fray,How to Save a Life
450,Macklemore & Ryan Lewis,Thrift Shop
451,Kendrick Lamar,Not Like Us
452,Foo Fighters,Everlong
453,Logic,1-800-273-8255
454,Cyndi Lauper,Girls Just Want to Have Fun
455,Ed Sheeran,Happier
456,Lil Mosey,Blueberry Faygo
457,Cyndi Lauper,Girls Just Wanna Have Fun
458,Rihanna,Only Girl (In The World)
459,Eslabon Armado,Ella Baila Sola
460,SZA,Good Days
461,Martin Garrix,Scared to Be Lonely
462,Surf Curse,Freaks
463,Imagine Dragons,Natural
464,George Ezra,Budapest
465,Kali Uchis,telepatÃ­a
466,Guns N' Roses,Welcome To The Jungle
467,Harry Styles,Falling
468,Taylor Swift,Style
469,d4vd,Here With Me
470,Natasha Bedingfield,Unwritten
471,Kate Bush,Running Up That Hill (A Deal With God)
472,Sabrina Carpenter,Please Please Please
473,Steve Lacy,Bad Habit
474,Taylor Swift,Donât Blame Me
475,Michael Jackson,Beat It
476,Sean Paul,No Lie
477,Robin Schulz,Sugar
478,Olivia Rodrigo,happier
479,Drake,Nice For What
480,GIVÄON,Heartbreak Anniversary
481,Calum Scott,Dancing On My Own
482,Calvin Harris,How Deep Is Your Love
483,Nickelback,How You Remind Me
484,Metallica,Nothing Else Matters
485,Post Malone,Goodbyes
486,Duncan Laurence,Arcade
487,Beach House,Space Song
488,Jimin,Like Crazy
489,Ariana Grande,we can't be friends (wait for your love)
490,The Weeknd,Stargirl Interlude
491,Maroon 5,This Love
492,Kanye West,Flashing Lights
493,BTS,Butter
494,Fall Out Boy,Centuries
495,Fetty Wap,Trap Queen
496,The Notorious B.I.G.,Hypnotize
497,Doja Cat,Paint The Town Red
498,Selena Gomez,Lose You To Love Me
499,Elton John,I'm Still Standing
500,blackbear,hot girl bummer
501,KALEO,Way down We Go
502,JVKE,golden hour
503,Coldplay,Sparks
504,Lorde,Royals
505,Aerosmith,Dream On
506,Ariana Grande,Dangerous Woman
507,girl in red,we fell in love in october
508,fun.,We Are Young
509,Kanye West,Father Stretch My Hands Pt. 1
510,Katy Perry,Roar
511,Lady Gaga,Just Dance
512,Masked Wolf,Astronaut In The Ocean
513,Ice Cube,It Was A Good Day
514,Nicki Minaj,Starships
515,Kanye West,Gold Digger
516,Akon,Smack That
517,Olivia Rodrigo,vampire
518,DJ Khaled,I'm the One
519,blink-182,All The Small Things
520,Papa Roach,Last Resort
521,Kendrick Lamar,DNA.
522,Ben E. King,Stand by Me
523,Future,Life Is Good
524,Bon Jovi,You Give Love A Bad Name
525,Daniel Caesar,Get You
526,Dua Lipa,Break My Heart
527,Loud Luxury,Body
528,Fleetwood Mac,The Chain
529,Maroon 5,What Lovers Do
530,TLC,No Scrubs
531,Rihanna,S&M
532,TV Girl,Lovers Rock
533,Olivia Rodrigo,favorite crime
534,LISA,MONEY
535,Black Sabbath,Paranoid
536,Van Morrison,Brown Eyed Girl
537,Taylor Swift,Look What You Made Me Do
538,Zedd,Stay
539,Outkast,Ms. Jackson
540,Joel Corry,Head & Heart
541,Elley DuhÃ©,MIDDLE OF THE NIGHT
542,Alicia Keys,If I Ain't Got You
543,Bad Bunny,Moscow Mule
544,James Bay,Let It Go
545,Doja Cat,Need to Know
546,Jay Wheeler,La Curiosidad
547,Brenda Lee,Rockin' Around The Christmas Tree
548,The Chainsmokers,Paris
549,Amy Winehouse,Back To Black
550,Eminem,Stan
551,Julia Michaels,Issues
552,Hotel Ugly,Shut up My Moms Calling
553,Frank Ocean,Thinkin Bout You
554,TiÃ«sto,The Business
555,Billie Eilish,"What Was I Made For? [From The Motion Picture ""Barbie""]"
556,Ariana Grande,Santa Tell Me
557,Doja Cat,Streets
558,Justin Bieber,Intentions
559,Grupo Frontera,un x100to
560,Elton John,"Rocket Man (I Think It's Going To Be A Long, Long Time)"
561,Frank Ocean,Lost
562,Doja Cat,Say So
563,Meek Mill,Going Bad
564,Green Day,Basket Case
565,Plan B,Es Un Secreto
566,DJ Khaled,Wild Thoughts
567,The Neighbourhood,Softcore
568,JP Saxe,If the World Was Ending
569,Bruno Mars,Marry You
570,Lewis Capaldi,Bruises
571,Sabrina Carpenter,Nonsense
572,One Direction,Drag Me Down
573,Spice Girls,Wannabe
574,Katy Perry,Firework
575,MÃ¥neskin,I WANNA BE YOUR SLAVE
576,M83,Midnight City
577,Anuel AA,China
578,Rauw Alejandro,Desesperados
579,Kodaline,All I Want
580,Stephen Sanchez,Until I Found You
581,Travis Scott,FE!N
582,KAROL G,TQG
583,Flo Rida,Low
584,Ariana Grande,Stuck with U
585,Artemas,i like the way you kiss me
586,Swedish House Mafia,Don't You Worry Child
587,Pop Smoke,What You Know Bout Love
588,Calvin Harris,Feel So Close
589,The Verve,Bitter Sweet Symphony
590,Kungs,This Girl
591,George Michael,Careless Whisper
592,Lost Frequencies,Are You With Me
593,Adele,Make You Feel My Love
594,Nio Garcia,Te BotÃ©
595,Jonas Blue,Fast Car
596,The Clash,Should I Stay or Should I Go
597,Rihanna,FourFiveSeconds
598,Hailee Steinfeld,Starving
599,Zach Bryan,Something in the Orange
600,Lilly Wood and The Prick,Prayer in C
601,Smash Mouth,All Star
602,Feid,LUNA
603,Yng Lvcas,La Bebe
604,Taio Cruz,Dynamite
605,Rihanna,Don't Stop The Music
606,Gnarls Barkley,Crazy
607,Florence + The Machine,Dog Days Are Over
608,The Notorious B.I.G.,Big Poppa
609,Desiigner,Panda
610,Justin Timberlake,Mirrors
611,JAY-Z,Empire State Of Mind
612,Billie Eilish,idontwannabeyouanymore
613,Rosa Linn,SNAP
614,Disclosure,Latch
615,Morgan Wallen,Last Night
616,Post Malone,White Iverson
617,Guns N' Roses,Paradise City
618,Lil Uzi Vert,20 Min
619,KAROL G,QLONA
620,Daft Punk,Get Lucky (Radio Edit) [feat. Pharrell Williams and Nile Rodgers]
621,KISS,I Was Made For Lovin' You
622,Coldplay,Adventure of a Lifetime
623,Ali Gatie,It's You
624,The Weeknd,Reminder
625,Pedro CapÃ³,Calma
626,The Weeknd,I Was Never There
627,Bobby Helms,Jingle Bell Rock
628,WILLOW,Wait a Minute!
629,Hoobastank,The Reason
630,Rudimental,These Days
631,21 Savage,Bank Account
632,Lil Wayne,Sucker for Pain
633,BÃRNS,Electric Love
634,Meghan Trainor,Like I'm Gonna Lose You
635,Lil Baby,Yes Indeed
636,Kygo,Firestone
637,Shaboozey,A Bar Song (Tipsy)
638,Sia,Snowman
639,Demi Lovato,Sorry Not Sorry
640,GAYLE,abcdefu
641,U2,With Or Without You
642,Daryl Hall & John Oates,You Make My Dreams (Come True)
643,Calvin Harris,Feels
644,Avicii,Without You
645,Drake,Nonstop
646,Plain White T's,Hey There Delilah
647,Imagine Dragons,Bad Liar
648,Calvin Harris,My Way
649,Noah Cyrus,July
650,System Of A Down,Toxicity
651,Feid,Feliz CumpleaÃ±os Ferxxo
652,Red Hot Chili Peppers,Snow (Hey Oh)
653,Arctic Monkeys,R U Mine?
654,Pop Smoke,For The Night
655,Rag'n'Bone Man,Human
656,Bee Gees,Stayin' Alive
657,Justin Bieber,Baby
658,Of Monsters and Men,Little Talks
659,Mario,Let Me Love You
660,Bruno Mars,Treasure
661,Topic,Breaking Me
662,Myke Towers,LALA
663,Adele,Send My Love (To Your New Lover)
664,Red Hot Chili Peppers,Otherside
665,Chris Stapleton,Tennessee Whiskey
666,"Tyler, The Creator",EARFQUAKE
667,The Outfield,Your Love
668,Eminem,Rap God
669,Jaymes Young,Infinity
670,Eminem,The Monster
671,Jason Derulo,Swalla
672,Pop Smoke,Dior
673,ROSALÃA,DESPECHÃ
674,Michael BublÃ©,It's Beginning to Look a Lot like Christmas
675,Michael BublÃ©,Itâs Beginning to Look a Lot Like Christmas
676,Bryson Tiller,Exchange
677,Bob Marley & The Wailers,Three Little Birds
678,Dr. Dre,The Next Episode
679,Jung Kook,Standing Next to You
680,Jawsh 685,Savage Love (Laxed
681,Skrillex,Where Are Ã Now
682,Jack Ã,Where Are Ã Now
683,Tommy Richman,MILLION DOLLAR BABY
684,Black Eyed Peas,Where Is The Love?
685,Flo Rida,My House
686,The Offspring,"You're Gonna Go Far, Kid"
687,Bruno Mars,It Will Rain
688,YNW Melly,Murder on My Mind
689,Kodak Black,ZEZE
690,Shaggy,It Wasn't Me
691,Cage The Elephant,Cigarette Daydreams
692,Calum Scott,You Are The Reason
693,Aerosmith,I Don't Want To Miss A Thing
694,Iyaz,Replay
695,DJ Snake,Middle
696,Beach Weather,"Sex, Drugs, Etc."
697,Calvin Harris,Slide
698,Dominic Fike,3 Nights
699,Drake,Jimmy Cooks
700,Nicky Youre,Sunroof
701,Eminem,Not Afraid
702,Ariana Grande,God is a woman
703,R. City,Locked Away
704,Red Hot Chili Peppers,Scar Tissue
705,Coldplay,Clocks
706,Billy Joel,Uptown Girl
707,Empire Of The Sun,Walking On A Dream
708,Hailee Steinfeld,Let Me Go
709,Lady Gaga,Rain On Me
710,Ozuna,Hey Mor
711,Bill Withers,Ain't No Sunshine
712,Shakira,Chantaje
713,Green Day,American Idiot
714,Selena Gomez,Back To You
715,American Authors,Best Day Of My Life
716,Lil Nas X,THATS WHAT I WANT
717,Jonas Blue,Perfect Strangers
718,JAY-Z,Numb / Encore
719,The Chainsmokers,Roses
720,Taylor Swift,Delicate
721,Billie Eilish,Bored
722,Sheck Wes,Mo Bamba
723,Fleetwood Mac,Go Your Own Way
724,Avicii,Hey Brother
725,Bruno Mars,The Lazy Song
726,Dan + Shay,"10,000 Hours"
727,Bob Marley & The Wailers,Could You Be Loved
728,Bruno Mars,Wake Up in the Sky
729,Kanye West,Bound 2
730,Chris Brown,No Guidance
731,A Great Big World,Say Something
732,Eminem,Superman
733,Lana Del Rey,Video Games
734,Daddy Yankee,Gasolina
735,Jimmy Eat World,The Middle
736,KAROL G,Si Antes Te Hubiera Conocido
737,Katy Perry,The One That Got Away
738,David Guetta,Memories
739,Miley Cyrus,Angels Like You
740,The Temptations,My Girl
741,Jason Derulo,Want to Want Me
742,The Weeknd,Often
743,J. Cole,Work Out
744,BLACKPINK,How You Like That
745,Timbaland,The Way I Are
746,Billie Eilish,i love you
747,Drake,Toosie Slide
748,Tory Lanez,The Color Violet
749,Mr. Probz,Waves
750,The Weeknd,After Hours
751,Lil Uzi Vert,The Way Life Goes
752,Justin Bieber,Beauty And A Beat
753,The Weeknd,Die For You
754,Drake,"Hold On, We're Going Home"
755,Calvin Harris,Blame
756,Don Toliver,No Idea
757,50 Cent,Candy Shop
758,David Guetta,Sexy Bitch
759,Feid,CLASSY 101
760,Clean Bandit,Solo
761,Katy Perry,Hot N Cold
762,Drake,Too Good
763,Avicii,Levels
764,Wham!,Wake Me Up Before You Go-Go
765,Led Zeppelin,Stairway to Heaven
766,The Animals,House of the Rising Sun
767,Zac Efron,Rewrite The Stars
768,Ty Dolla $ign,Or Nah
769,Patrick Watson,Je te laisserai des mots
770,Fleetwood Mac,Everywhere
771,Nicky Jam,X
772,My Chemical Romance,Teenagers
773,Swedish House Mafia,Moth To A Flame
774,Gesaffelstein,Lost in the Fire
775,Billie Eilish,bellyache
776,The Weeknd,Popular
777,Dua Lipa,Dance The Night
778,Bazzi,Mine
779,Post Malone,Go Flex
780,Miley Cyrus,We Can't Stop
781,TOTO,Hold the Line
782,The Weeknd,Heartless
783,The Offspring,The Kids Aren't Alright
784,Calvin Harris,Promises
785,Imagine Dragons,On Top Of The World
786,Mark Ronson,Nothing Breaks Like a Heart
787,Post Malone,Candy Paint
788,Kygo,Stole the Show
789,Kina,Get You The Moon
790,3 Doors Down,Kryptonite
791,Future,Low Life
792,4 Non Blondes,What's Up?
793,Ava Max,Kings & Queens
794,Billie Eilish,WILDFLOWER
795,USHER,DJ Got Us Fallin' In Love
796,Niall Horan,This Town
797,G-Eazy,Him & I
798,Dhruv,double take
799,Ariana Grande,Love Me Harder
800,Shawn Mendes,If I Can't Have You
801,Dua Lipa,Physical
802,Billie Eilish,bury a friend
803,Avril Lavigne,Complicated
804,Guns N' Roses,November Rain
805,The Script,Breakeven
806,Sia,Elastic Heart
807,Elvis Presley,Can't Help Falling in Love
808,Becky G,MAMIII
809,Seafret,Atlantis
810,Nico & Vinz,Am I Wrong
811,Queen,Crazy Little Thing Called Love
812,Mabel,Don't Call Me Up
813,Dennis Lloyd,Nevermind
814,Olivia Rodrigo,"jealousy, jealousy"
815,Riton,Friday
816,New West,Those Eyes
817,Tove Lo,Habits (Stay High)
818,Charlie Puth,Left and Right (Feat. Jung Kook of BTS)
819,Don Omar,Dile
820,Maroon 5,One More Night
821,Bad Bunny,LA NOCHE DE ANOCHE
822,Kygo,Higher Love
823,Electric Light Orchestra,Mr. Blue Sky
824,Miley Cyrus,Wrecking Ball
825,Harry Styles,Late Night Talking
826,Britney Spears,...Baby One More Time
827,The Mamas & The Papas,California Dreamin'
828,Liam Payne,Strip That Down
829,21 Savage,a lot
830,Linkin Park,What I've Done
831,Foreigner,I Want to Know What Love Is
832,Ariana Grande,34+35
833,Lil Nas X,Old Town Road
834,Bad Bunny,Vete
835,James Arthur,Rewrite The Stars
836,Bizarrap,"Shakira: Bzrp Music Sessions, Vol. 53"
837,Frank Ocean,Ivy
838,Gunna,fukumean
839,Blur,Song 2
840,Bad Bunny,La Santa
841,Franz Ferdinand,Take Me Out
842,Tyla,Water
843,Toploader,Dancing in the Moonlight
844,Simple Minds,Don't You (Forget About Me)
845,Lunay,Soltera (Remix)
846,Taylor Swift,Wildest Dreams
847,Benson Boone,In The Stars
848,PARTYNEXTDOOR,Break from Toronto
849,Sixpence None The Richer,Kiss Me
850,Polo G,RAPSTAR
851,Katy Perry,I Kissed A Girl
852,Justin Timberlake,SexyBack
853,Dua Lipa,Levitating
854,The Weeknd,Pray For Me
855,One Direction,Perfect
856,Rae Sremmurd,Black Beatles
857,Pixies,Where Is My Mind?
858,Rage Against The Machine,Killing In The Name
859,MEDUZA,Piece Of Your Heart
860,Oasis,Don't Look Back in Anger
861,Ed Sheeran,The A Team
862,Chase Atlantic,Swim
863,Juice WRLD,Come & Go
864,Creedence Clearwater Revival,Bad Moon Rising
865,Eyedress,Jealous
866,Future,WAIT FOR U
867,Ariana Grande,"break up with your girlfriend, i'm bored"
868,Zach Bryan,I Remember Everything
869,Taylor Swift,You Need To Calm Down
870,George Ezra,Shotgun
871,Creedence Clearwater Revival,Bad Moon Risin
872,Luke Combs,When It Rains It Pours
873,Bad Bunny,Si EstuviÃ©semos Juntos
874,AURORA,Runaway
875,Bad Bunny,PERRO NEGRO
876,Metro Boomin,Space Cadet
877,Icona Pop,I Love It
878,Tracy Chapman,Fast Car
879,Lil Wayne,Love Me
880,Drake,Laugh Now Cry Later
881,GROUPLOVE,Tongue Tied
882,V,Love Me Again
883,Train,Drops Of Jupiter
884,Drake,Money In The Grave (Drake ft. Rick Ross)
885,Bon Jovi,It's My Life
886,Elton John,Your Song
887,Sean Paul,Temperature
888,Kanye West,POWER
889,Selena Gomez & The Scene,Love You Like A Love Song
890,Lizzo,Truth Hurts
891,Katy Perry,California Gurls
892,Post Malone,I Had Some Help (Feat. Morgan Wallen)
893,Tainy,Lo Siento BB:/
894,Edward Sharpe & The Magnetic Zeros,Home
895,XXXTENTACION,the remedy for a broken heart (why am I so in love)
896,Pink Floyd,"Another Brick in the Wall, Pt. 2"
897,Flo Rida,Wild Ones
898,*NSYNC,Bye Bye Bye
899,Luke Combs,Beautiful Crazy
900,The Weeknd,In Your Eyes
901,The Jackson 5,I Want You Back
902,Andy Williams,It's the Most Wonderful Time of the Year
903,Sam Smith,How Do You Sleep?
904,Zara Larsson,Never Forget You
905,Niall Horan,Slow Hands
906,Cyndi Lauper,Time After Time
907,Surfaces,Sunday Best
908,Juice WRLD,Wishing Well
909,Polo G,Martin & Gina
910,Maluma,Borro Cassette
911,Men At Work,Down Under
912,Kings of Leon,Use Somebody
913,TV Girl,Not Allowed
914,A Boogie Wit da Hoodie,Drowning
915,Ariana Grande,Break Free
916,Khalid,Talk
917,Jonas Blue,Mama
918,BlocBoy JB,Look Alive
919,Y2K,Lalala
920,Black Eyed Peas,RITMO (Bad Boys For Life)
921,Owl City,Fireflies
922,Adele,Skyfall
923,Arctic Monkeys,Fluorescent Adolescent
924,Taylor Swift,All Too Well (10 Minute Version) (Taylor's Version) (From The Vault)
925,Paulo Londra,Adan y Eva
926,Juice WRLD,Lean Wit Me
927,Wallows,Are You Bored Yet?
928,Khalid,Love Lies
929,Metallica,Master of Puppets (Remastered)
930,Maroon 5,Don't Wanna Know
931,Alicia Keys,No One
932,KYLE,iSpy
933,Maluma,Felices los 4
934,Nelly,Dilemma
935,Camila Cabello,Bam Bam
936,Drake,Fake Love
937,Van Halen,Jump
938,Juice WRLD,Bandit
939,James Blunt,You're Beautiful
940,Ne-Yo,So Sick
941,Luis Fonsi,Ãchame La Culpa
942,Sleepy Hallow,2055
943,Baby Keem,family ties
944,RAYE,Escapism.
945,MEDUZA,Lose Control
946,Macklemore,Glorious
947,Galantis,Runaway (U & I)
948,The Cranberries,Linger
949,Billy Joel,Piano Man
950,Nicki Minaj,Super Bass
951,The Kid LAROI,WITHOUT YOU
952,Haddaway,What Is Love (Original 7' Mix)
953,Ed Sheeran,I See Fire
954,Queen,Somebody To Love
955,One Direction,Steal My Girl
956,Bad Bunny,Diles
957,Taylor Swift,Love Story
958,Cris Mj,Una Noche en MedellÃ­n
959,Anuel AA,Amanece
960,Camila Cabello,Never Be the Same
961,LP,Lost on You
962,Ozuna,Se PreparÃ³
963,Migos,Bad and Boujee
964,Soft Cell,Tainted Love
965,Mustard,Ballinâ
966,Rick Astley,Never Gonna Give You Up
967,Kenya Grace,Strangers
968,Surf Mesa,ily (i love you baby)
969,FIFTY FIFTY,Cupid
970,Linkin Park,Faint
971,Harry Styles,Golden
972,Marshmello,Leave Before You Love Me
973,Enrique Iglesias,Bailando
974,Panic! At The Disco,I Write Sins Not Tragedies
975,Demi Lovato,Heart Attack
976,Bruce Springsteen,Dancing In the Dark
977,Rachel Platten,Fight Song
978,The Killers,Somebody Told Me
979,Destiny's Child,Say My Name
980,Taylor Swift,willow
981,Leona Lewis,Bleeding Love
982,Zion & Lennox,Otra vez
983,Two Door Cinema Club,What You Know
984,Kenny Loggins,Footloose
985,Labrinth,Formula
986,Lana Del Rey,West Coast
987,Doja Cat,Boss Bitch
988,KAROL G,AMARGURA
989,Chord Overstreet,Hold On
990,Ariana Grande,Problem
991,Sabrina Carpenter,Taste
992,Mr.Kitty,After Dark
993,Adele,Love In The Dark
994,Kendrick Lamar,PRIDE.
995,Queen,Killer Queen
996,Mitski,Washing Machine Heart
997,Morgan Wallen,Whiskey Glasses
998,Green Day,Boulevard of Broken Dreams
999,NATTI NATASHA,Criminal
1000,PinkPantheress,Boy's a liar Pt. 2
1001,Piso 21,DÃ©jala Que Vuelva
1002,Neon Trees,Everybody Talks
1003,Mac Miller,The Spins
1004,SZA,Nobody Gets Me
1005,Drake,Fair Trade
1006,Britney Spears,Oops!...I Did It Again
1007,Boston,More Than A Feeling
1008,Katy Perry,Teenage Dream
1009,Paramore,Misery Business
1010,Playboi Carti,Magnolia
1011,BANNERS,Someone To You
1012,Aaron Smith,Dancin
1013,Billie Eilish,you should see me in a crown
1014,Bruno Mars,Versace on the Floor
1015,Quevedo,Columbia
1016,Kid Cudi,Day 'N' Nite (Nightmare)
1017,Shawn Mendes,In My Blood
1018,Starley,Call On Me
1019,Taylor Swift,I Knew You Were Trouble.
1020,ABBA,Gimme! Gimme! Gimme! (A Man After Midnight)
1021,SZA,Love Galore
1022,Kid Cudi,Day 'N' Night
1023,Metro Boomin,Too Many Nights
1024,Three Days Grace,I Hate Everything About You
1025,Childish Gambino,3005
1026,Cardi B,Bodak Yellow
1027,alt-J,Breezeblocks
1028,Sam Hunt,Body Like A Back Road
1029,CKay,love nwantiti (ah ah ah)
1030,MGMT,Kids
1031,Paramore,Still into You
1032,Richy Mitch & The Coal Miners,Evergreen
1033,Doja Cat,You Right
1034,Yandel,Yandel 150
1035,Bad Bunny,Safaera
1036,Dr. Dre,Forgot About Dre
1037,Flume,Never Be Like You
1038,Jack Johnson,Better Together
1039,Linkin Park,One Step Closer
1040,Conan Gray,Maniac
1041,Nicky Jam,El PerdÃ³n
1042,Bonnie Tyler,Total Eclipse of the Heart
1043,Bad Bunny,Neverita
1044,Otis Redding,(Sittin' On) the Dock of the Bay
1045,Olivia Rodrigo,All I Want
1046,Kali Uchis,Moonlight
1047,Post Malone,I Like You (A Happier Song)
1048,Alphaville,Forever Young
1049,Romeo Santos,Propuesta Indecente
1050,Gorillaz,Clint Eastwood
1051,Natalie Imbruglia,Torn
1052,KAROL G,BICHOTA
1053,Shakira,Waka Waka (This Time for Africa) [The Official 2010 FIFA World Cup (TM) Song]
1054,USHER,My Boo
1055,Polo G,Pop Out
1056,Lauv,i'm so tired...
1057,Jason Mraz,I Won't Give Up
1058,Elton John,Don't Go Breaking My Heart
1059,BTS,FAKE LOVE
1060,TiÃ«sto,The Motto
1061,Radiohead,No Surprises
1062,Rob $tone,Chill Bill
1063,Calle 24,QUE ONDA
1064,Gracie Abrams,Thatâs So True
1065,Robin Thicke,Blurred Lines
1066,Gigi Perez,Sailor Song
1067,Sean Kingston,Beautiful Girls
1068,Galantis,No Money
1069,Taylor Swift,ME!
1070,Ariana Grande,boyfriend
1071,The Wanted,Glad You Came
1072,Slipknot,Duality
1073,Maggie Lindemann,Pretty Girl
1074,Flo Rida,Whistle
1075,Jonas Blue,Rise
1076,Feid,Normal
1077,Charlie Puth,One Call Away
1078,James Arthur,Train Wreck
1079,J Balvin,QUE PRETENDES
1080,2Pac,California Love
1081,Ashe,Moral of the Story
1082,Rihanna,Bitch Better Have My Money
1083,Bad Bunny,Si Veo a Tu MamÃ¡
1084,Sebastian Yatra,Pareja Del AÃ±o
1085,David Guetta,Hey Mama
1086,blink-182,I Miss You
1087,TiÃ«sto,Jackie Chan
1088,Lizzo,About Damn Time
1089,Kanye West,I Wonder
1090,Sublime,Santeria
1091,Ãneheart,snowfall
1092,Sam Smith,Like I Can
1093,Becky G,Shower
1094,Justin Bieber,Lonely
1095,Kanye West,Runaway
1096,Taylor Swift,Karma
1097,Weezer,Island in the Sun
1098,MGMT,Electric Feel
1099,50 Cent,P.I.M.P.
1100,Demi Lovato,Cool for the Summer
1101,Taylor Swift,The Man
1102,Taylor Swift,Enchanted
1103,The Weeknd,Party Monster
1104,Nelly Furtado,Maneater
1105,Blackstreet,No Diggity
1106,Lady Gaga,Million Reasons
1107,BLACKPINK,Kill This Love
1108,The Script,The Man Who Can't Be Moved
1109,ACRAZE,Do It To It
1110,Bob Marley & The Wailers,Is This Love
1111,Jack Harlow,Lovin On Me
1112,Melanie Martinez,Play Date
1113,Jack Harlow,First Class
1114,Mac DeMarco,Chamber Of Reflection
1115,Cigarettes After Sex,K.
1116,Drake,Rich Flex
1117,Lorde,Team
1118,Billie Eilish,Therefore I Am
1119,Justin Bieber,Mistletoe
1120,Fall Out Boy,"Sugar, We're Goin Down"
1121,MUSIC LAB JPN,Kill This Love
1122,The Game,Hate It Or Love It
1123,DJ MIX NON-STOP CHANNEL,Kill This Love
1124,James Arthur,Impossible
1125,A$AP Rocky,F**kin' Problems
1126,LOVE BGM JPN,Kill This Love
1127,Vanessa Carlton,A Thousand Miles
1128,Chase Atlantic,Friends
1129,Ruth B.,Lost Boy
1130,Britney Spears,Gimme More
1131,Kendrick Lamar,Swimming Pools (Drank)
1132,Taylor Swift,Fortnight
1133,Fifth Harmony,Worth It
1134,Rihanna,Pon de Replay
1135,Taylor Swift,exile
1136,Cigarettes After Sex,Sunsetz
1137,Ellie Goulding,Burn
1138,Birdy,Skinny Love
1139,Bee Gees,How Deep Is Your Love
1140,Kid Cudi,Pursuit Of Happiness (Nightmare)
1141,J Balvin,Un DÃ­a (One Day)
1142,Grupo Frontera,QUE VUELVAS
1143,DaBaby,BOP
1144,Nirvana,Heart-Shaped Box
1145,Kelly Clarkson,Since U Been Gone
1146,DRAM,Broccoli
1147,Lewis Capaldi,Hold Me While You Wait
1148,Metro Boomin,Superhero (Heroes & Villains) [with Future & Chris Brown]
1149,Jeremy Zucker,comethru
1150,Foo Fighters,The Pretender
1151,Ozuna,Vaina Loca
1152,Keala Settle,This Is Me
1153,Meghan Trainor,All About That Bass
1154,Eminem,River
1155,DJ Snake,Loco Contigo
1156,The 1975,Somebody Else
1157,Dave,Sprinter
1158,Juice WRLD,Armed And Dangerous
1159,My Chemical Romance,Welcome to the Black Parade
1160,Morgan Wallen,Wasted On You
1161,cassÃ¶,Prada
1162,B.o.B,Airplanes
1163,Disturbed,The Sound of Silence
1164,Scorpions,Wind Of Change
1165,BeyoncÃ©,CUFF IT
1166,Mora,LA INOCENTE
1167,Kendrick Lamar,Alright
1168,M.I.A.,Paper Planes
1169,Maluma,SegÃºn QuiÃ©n
1170,Jack Harlow,WHATS POPPIN
1171,Fitz and The Tantrums,Out of My League
1172,J Balvin,QuÃ© MÃ¡s Pues?
1173,Xavi,La Diabla
1174,will.i.am,Scream & Shout
1175,Bruno Mars,Finesse
1176,Deorro,Five More Hours
1177,Fetty Wap,679
1178,Counting Crows,Mr. Jones
1179,Bill Withers,Lovely Day
1180,Chief Keef,Love Sosa
1181,Taylor Swift,Wildest Dreams (Taylor's Version)
1182,Eminem,Venom
1183,Taylor Swift,...Ready for It?
1184,Estelle,American Boy
1185,Paloma Faith,Only Love Can Hurt Like This
1186,X Ambassadors,Renegades
1187,Daryl Hall & John Oates,Rich Girl
1188,Train,Drive By
1189,AWOLNATION,Sail
1190,Sabrina Carpenter,Feather
1191,Metro Boomin,Trance
1192,Pop Smoke,Mood Swings
1193,Rauw Alejandro,LOKERA
1194,Meghan Trainor,Made You Look
1195,Drake,Wants and Needs
1196,Ellie Goulding,Hate Me
1197,Drake,Teenage Fever
1198,Frank Ocean,Chanel
1199,The Proclaimers,I'm Gonna Be (500 Miles)
1200,Idina Menzel,Let It Go
1201,Kansas,Dust In The Wind
1202,PinkPantheress,Pain
1203,The Police,Roxanne
1204,Taylor Swift,You Belong With Me (Taylorâs Version)
1205,Carin Leon,Primera Cita
1206,Lana Del Rey,Brooklyn Baby
1207,Petit Biscuit,Sunset Lover
1208,Gigi Perez,Sailor Song
1209,Katrina & The Waves,Walking On Sunshine
1210,Drake,Chicago Freestyle
1211,Clairo,Sofia
1212,Green Day,Good Riddance (Time of Your Life)
1213,The Cure,Boys Don't Cry
1214,Disturbed,Down with the Sickness
1215,Playboi Carti,Sky
1216,James Arthur,Can I Be Him
1217,Aventura,VolvÃ­
1218,iÃ±igo quintero,Si No EstÃ¡s
1219,No Doubt,Don't Speak
1220,The Weeknd,Is There Someone Else?
1221,Gracie Abrams,Thatâs So True
1222,Drake,Controlla
1223,Lady Gaga,Telephone
1224,Green Day,Wake Me up When September Ends
1225,Hippie Sabotage,Devil Eyes
1226,OneRepublic,Apologize
1227,David Guetta,2U
1228,Naughty Boy,La La La
1229,Jung Kook,3D
1230,Lil Tjay,Calling My Phone
1231,Miley Cyrus,Malibu
1232,P!nk,What About Us
1233,Michael Jackson,Smooth Criminal
1234,Bad Bunny,A Tu Merced
1235,John Newman,Love Me Again
1236,Bad Bunny,Tarot
1237,Mac DeMarco,My Kind of Woman
1238,Black Eyed Peas,Pump It
1239,Fall Out Boy,Thnks fr th Mmrs
1240,Cigarettes After Sex,Cry
1241,A Boogie Wit da Hoodie,Look Back at It
1242,Drake,Jumpman
1243,TINI,MiÃ©nteme
1244,Piso 21,Te Vi
1245,A$AP Rocky,Sundress
1246,Peso Pluma,LADY GAGA
1247,P!nk,Try
1248,Skillet,Monster
1249,Limp Bizkit,Break Stuff
1250,blink-182,What's My Age Again?
1251,Tame Impala,Borderline
1252,Billie Eilish,wish you were gay
1253,Miley Cyrus,Prisoner
1254,Wisin,EscÃ¡pate Conmigo
1255,BLACKPINK,Pink Venom
1256,Pinkfong,Baby Shark
1257,Anuel AA,Ella Quiere Beber
1258,The Cure,Friday I'm In Love
1259,A Boogie Wit da Hoodie,Swervin
1260,Kesha,Die Young
1261,Elton John,Tiny Dancer
1262,Big Sean,I Don't Fuck With You
1263,Mau y Ricky,Desconocidos
1264,Daryl Hall & John Oates,Maneater
1265,Led Zeppelin,Immigrant Song
1266,Guns N' Roses,Knockin' On Heaven's Door
1267,Rihanna,Disturbia
1268,Panic! At The Disco,House of Memories
1269,Lana Del Rey,Born To Die
1270,Frank Ocean,Nights
1271,Pitbull,Feel This Moment
1272,La Oreja de Van Gogh,Rosas
1273,Lil Peep,Save That Shit
1274,Red Hot Chili Peppers,Dani California
1275,Kanye West,Homecoming
1276,THE SCOTTS,THE SCOTTS
1277,Rihanna,Take A Bow
1278,Paulo Londra,Tal Vez
1279,StaySolidRocky,Party Girl
1280,Justin Bieber,Yummy
1281,Morgan Wallen,You Proof
1282,Junior H,El Azul
1283,Pink Floyd,Wish You Were Here
1284,2Pac,Ambitionz Az A Ridah
1285,Audioslave,Like a Stone
1286,Daryl Hall,Maneater
1287,SZA,Broken Clocks
1288,Los Enanitos Verdes,Lamento Boliviano
1289,Jay Sean,Down
1290,Darius Rucker,Wagon Wheel
1291,Alok,Hear Me Now
1292,LMFAO,Party Rock Anthem
1293,Kanye West,All Falls Down
1294,Kendrick Lamar,"Bitch, Donât Kill My Vibe"
1295,Justin Bieber,Holy
1296,Manu Chao,Me Gustas Tu
1297,Travis Scott,Goosebumps
1298,TV Girl,Cigarettes out the Window
1299,Bad Bunny,WHERE SHE GOES
1300,Rise Against,Savior
1301,Don McLean,American Pie
1302,The Beatles,Come Together
1303,AC/DC,T.N.T.
1304,Becky G,Sin Pijama
1305,Anitta,Downtown
1306,U2,I Still Haven't Found What I'm Looking For
1307,5 Seconds of Summer,Teeth
1308,Corinne Bailey Rae,Put Your Records On
1309,Marc SeguÃ­,Tiroteo
1310,Phil Collins,In the Air Tonight
1311,Kendrick Lamar,m.A.A.d city
1312,Luis Miguel,Ahora Te Puedes Marchar
1313,The Rolling Stones,(I Can't Get No) Satisfaction
1314,Lil Baby,Freestyle
1315,Sub Urban,Cradles
1316,Chris Isaak,Wicked Game
1317,CJ,Whoopty
1318,Cage The Elephant,Ain't No Rest For The Wicked
1319,The Notorious B.I.G.,Juicy
1320,Mike Perry,The Ocean
1321,Mumford & Sons,Little Lion Man
1322,Ed Sheeran,Perfect Duet (Ed Sheeran & BeyoncÃ©)
1323,Migos,Walk It Talk It
1324,Yot Club,YKWIM?
1325,Charlie Puth,Marvin Gaye
1326,Akon,Lonely
1327,Julia Michaels,What A Time
1328,JosÃ© Feliciano,Feliz Navidad
1329,Crowded House,Don't Dream It's Over
1330,Rels B,A MÃ­
1331,Kelly Clarkson,Underneath the Tree
1332,Luke Combs,Hurricane
1333,Anuel AA,Secreto
1334,Sia,Cheap Thrills
1335,Alan Walker,Alone
1336,Fleetwood Mac,Landslide
1337,Frank Ocean,White Ferrari
1338,Rixton,Me And My Broken Heart
1339,Lost Frequencies,Reality
1340,Rascal Flatts,Life is a Highway
1341,Ne-Yo,Miss Independent
1342,Dean Martin,Let It Snow! Let It Snow! Let It Snow!
1343,Rihanna,Where Have You Been
1344,Dire Straits,Walk Of Life
1345,Dasha,Austin (Boots Stop Workin')
1346,21 Savage,Runnin
1347,Avicii,SOS
1348,Anuel AA,Sola (Remix)
1349,Fugees,Killing Me Softly With His Song
1350,Soundgarden,Black Hole Sun
1351,Billie Eilish,TV
1352,Neil Diamond,Sweet Caroline
1353,6ix9ine,FEFE
1354,ROSALÃA,Con Altura
1355,A$AP Rocky,Everyday
1356,Drake,Knife Talk
1357,DMX,X Gon' Give It To Ya
1358,Lukas Graham,Love Someone
1359,JHAYCO,CÃMO SE SIENTE
1360,Taylor Swift,Lavender Haze
1361,Rae Sremmurd,This Could Be Us
1362,The Neighbourhood,You Get Me So High
1363,Jason Derulo,Talk Dirty
1364,50 Cent,21 Questions
1365,Travis Scott,STARGAZING
1366,Felix Jaehn,Ain't Nobody (Loves Me Better)
1367,Dua Lipa,Houdini
1368,Ed Sheeran,South of the Border
1369,Maroon 5,Beautiful Mistakes
1370,Justin Bieber,Hold On
1371,America,A Horse with No Name
1372,Lana Del Rey,Say Yes To Heaven
1373,Wheatus,Teenage Dirtbag
1374,21 Savage,ball w/o you
1375,Selena Gomez,Good For You
1376,Ed Sheeran,Don't
1377,SYML,Where's My Love
1378,James Bay,Hold Back The River
1379,SZA,Saturn
1380,ATB,Your Love (9PM)
1381,Lana Del Rey,Doin' Time
1382,Central Cee,Doja
1383,Aventura,Ella Y Yo
1384,NewJeans,OMG
1385,Martin Jensen,Solo Dance
1386,Tom Petty,Free Fallin'
1387,21 Savage,Glock In My Lap
1388,Depeche Mode,Enjoy the Silence
1389,Far East Movement,Like A G6
1390,Whitney Houston,I Will Always Love You
1391,Imagine Dragons,It's Time
1392,Lil Tjay,F.N
1393,Bad Bunny,Party
1394,Tainy,Adicto
1395,Little Mix,Shout Out to My Ex
1396,P!nk,Raise Your Glass
1397,ArcÃ¡ngel,La Jumpa
1398,The Beatles,Let It Be
1399,Queen,We Are The Champions
1400,Sam Smith,Fire On Fire
1401,CNCO,ReggaetÃ³n Lento (Bailemos)
1402,Dolly Parton,Jolene
1403,JACKBOYS,OUT WEST
1404,Dalex,Hola
1405,Soulja Boy,Kiss Me Thru The Phone
1406,Stealers Wheel,Stuck In The Middle With You
1407,Travie McCoy,Billionaire
1408,James Arthur,Car's Outside
1409,Natalia Lafourcade,Hasta la RaÃ­z
1410,Natanael Cano,AMG
1411,The Smiths,There Is a Light That Never Goes Out
1412,AminÃ©,Caroline
1413,Flo Rida,Good Feeling
1414,Labrinth,Jealous
1415,Billie Eilish,watch
1416,BTS,Life Goes On
1417,Kanye West,All Of The Lights
1418,The Calling,Wherever You Will Go
1419,2Pac,Hit 'Em Up
1420,Stromae,Alors on danse
1421,Bad Bunny,Yo Perreo Sola
1422,Zac Brown Band,Chicken Fried
1423,Fort Minor,Remember the Name
1424,5 Seconds of Summer,She Looks So Perfect
1425,Bazzi,Beautiful
1426,Iggy Azalea,Fancy
1427,Kendrick Lamar,luther
1428,Nelly Furtado,Say It Right
1429,Drake,Headlines
1430,Kordhell,MURDER IN MY MIND
1431,Young Thug,pick up the phone
1432,One Direction,18
1433,Mazzy Star,Fade Into You
1434,The Neighbourhood,Reflections
1435,Baby Keem,ORANGE SODA
1436,Lil Baby,Pure Cocaine
1437,Lana Del Rey,Cinnamon Girl
1438,Khalid,Saturday Nights
1439,Gwen Stefani,The Sweet Escape
1440,Jason Mraz,Lucky
1441,Mustard,Pure Water
1442,Jack Harlow,Whats Poppin
1443,Ed Sheeran,Supermarket Flowers
1444,Shakira,Te Felicito
1445,The Cardigans,Lovefool
1446,Zach Bryan,Heading South
1447,Frank Ocean,Novacane
1448,Roxette,It Must Have Been Love
1449,Mora,Volando
1450,MEDUZA,Paradise
1451,Declan McKenna,Brazil
1452,Kendrick Lamar,LOYALTY. FEAT. RIHANNA.
1453,Carlos Vives,La Bicicleta
1454,Bad Bunny,TE MUDASTE
1455,Young Thug,The London
1456,Black Eyed Peas,Meet Me Halfway
1457,zzoilo,Mon Amour
1458,Becky G,Mayores
1459,Imagine Dragons,Warriors
1460,Mike Posner,Cooler Than Me
1461,$uicideboy$,"...And to Those I Love, Thanks for Sticking Around"
1462,Jon Bellion,All Time Low
1463,"Tyler, The Creator",NEW MAGIC WAND
1464,Billie Eilish,CHIHIRO
1465,Jimi Hendrix,All Along the Watchtower
1466,Don Toliver,After Party
1467,Flo Rida,Right Round
1468,Mumford & Sons,I Will Wait
1469,Alex & Sierra,Little Do You Know
1470,Maluma,11 PM
1471,Blue Swede,Hooked On A Feeling
1472,Taylor Swift,Getaway Car
1473,Alan Walker,On My Way
1474,Lil Uzi Vert,Just Wanna Rock
1475,Justin Timberlake,Rock Your Body
1476,T-Pain,Buy U a Drank (Shawty Snappin')
1477,Alessia Cara,How Far I'll Go
1478,Maroon 5,Cold
1479,Kanye West,Violent Crimes
1480,A$AP Ferg,Plain Jane
1481,Dalex,Pa MÃ­ (Remix)
1482,Lil Nas X,Panini
1483,Culture Club,Karma Chameleon
1484,BoyWithUke,Toxic
1485,Jason Derulo,Take You Dancing
1486,Troye Sivan,Strawberries & Cigarettes
1487,The Weeknd,Timeless
1488,3 Doors Down,Here Without You
1489,Flo Rida,GDFR
1490,blackbear,idfc
1491,BENEE,Supalonely
1492,Lil Mosey,Noticed
1493,Ozzy Osbourne,Crazy Train
1494,Travis Scott,I KNOW ?
1495,Cher,Believe
1496,Travis Scott,CAN'T SAY
1497,Playboi Carti,Shoota
1498,Cascada,Everytime We Touch
1499,Bad Bunny,La DifÃ­cil
1500,Zion & Lennox,Yo Voy
1501,Lady Gaga,Judas
1502,Camila Cabello,My Oh My
1503,System Of A Down,Lonely Day
1504,The Rolling Stones,Start Me Up
1505,Bryan Adams,Heaven
1506,Mac Miller,Self Care
1507,John Mayer,New Light
1508,Waka Flocka Flame,No Hands
1509,BLACKPINK,DDU-DU DDU-DU
1510,Sean Kingston,Eenie Meenie
1511,Taylor Swift,Midnight Rain
1512,Billy Joel,Vienna
1513,Khalid,8TEEN
1514,Lynyrd Skynyrd,Free Bird
1515,Joji,YEAH RIGHT
1516,Enrique Iglesias,SUBEME LA RADIO
1517,Lady Gaga,Paparazzi
1518,Rauw Alejandro,CÃºrame
1519,Eagles,Take It Easy
1520,Reik,Me Niego
1521,Luke Combs,Fast Car
1522,Libianca,People
1523,Manuel Turizo,Una Lady Como TÃº
1524,Extreme,More Than Words
1525,Billie Eilish,LUNCH
1526,J. Cole,Power Trip
1527,Chris Brown,Go Crazy
1528,Lana Del Rey,Summertime Sadness (Lana Del Rey Vs. Cedric Gervais)
1529,Yusuf / Cat Stevens,Wild World
1530,Michael BublÃ©,Holly Jolly Christmas
1531,Alejandro FernÃ¡ndez,Me DediquÃ© a Perderte
1532,MÃ¶tley CrÃ¼e,Kickstart My Heart
1533,Hozier,Work Song
1534,TiÃ«sto,Don't Be Shy
1535,Olly Alexander (Years & Years),King
1536,The Rare Occasions,Notion
1537,Kelly Clarkson,Because of You
1538,Bruno Mars,Count on Me
1539,ROSALÃA,BESO
1540,Marshmello,El Merengue
1541,The Beatles,Yesterday
1542,John Lennon,Imagine
1543,Eminem,Lucky You
1544,Katy Perry,Unconditionally
1545,Coldplay,Magic
1546,Alesso,Heroes (we could be)
1547,Dua Lipa,Love Again
1548,Peso Pluma,PRC
1549,Luke Combs,She Got the Best of Me
1550,Hombres G,DevuÃ©lveme a mi chica
1551,Travis Scott,Antidote
1552,NewJeans,Ditto
1553,BLACKPINK,Shut Down
1554,ZZ Top,La Grange (2005 Remaster)
1555,Lana Del Rey,Young And Beautiful [Lana Del Rey vs. Cedric Gervais]
1556,Kali Uchis,After The Storm
1557,Halsey,Bad At Love
1558,Future,Like That
1559,Bacilos,Caraluna
1560,Majestic,Rasputin
1561,Charlie Puth,How Long
1562,Labrinth,Mount Everest
1563,Redbone,Come and Get Your Love
1564,DJ Khaled,POPSTAR
1565,Myke Towers,Bandido
1566,BeyoncÃ©,Single Ladies (Put a Ring on It)
1567,Lorde,Ribs
1568,Cutting Crew,(I Just) Died In Your Arms
1569,Jeremih,oui
1570,Russ,Losin Control
1571,Juice WRLD,Legends
1572,Justin Bieber,Anyone
1573,Carlos Vives,Robarte Un Beso
1574,INTERWORLD,METAMORPHOSIS
1575,Gorillaz,On Melancholy Hill
1576,B.o.B,Nothinâ on You
1577,Kodak Black,Roll in Peace
1578,Kanye West,Can't Tell Me Nothing
1579,Camila Cabello,Shameless
1580,Morgan Wallen,Chasin' You
1581,MGMT,Little Dark Age
1582,fun.,Some Nights
1583,Mariah Carey,We Belong Together
1584,Adele,Chasing Pavements
1585,Ghost,Mary On A Cross
1586,Dolly Parton,9 to 5
1587,Taylor Swift,Paper Rings
1588,Linkin Park,Bleed It Out
1589,Buffalo Springfield,For What It's Worth
1590,Kelly Clarkson,Stronger (What Doesn't Kill You)
1591,Grupo Frontera,EL AMOR DE SU VIDA
1592,Thirty Seconds To Mars,The Kill
1593,Labrinth,Still Don't Know My Name
1594,Migos,Stir Fry
1595,Morat,Cuando Nadie Ve
1596,Jennifer Lopez,On The Floor
1597,Ed Sheeran,Dive
1598,Frank Sinatra,Fly Me To The Moon (In Other Words)
1599,Tego CalderÃ³n,Pa' Que Retozen
1600,Rex Orange County,Best Friend
1601,Sebastian Yatra,Tacones Rojos
1602,Avicii,Lonely Together
1603,Kanye West,I Love It (& Lil Pump)
1604,Fall Out Boy,My Songs Know What You Did In The Dark (Light Em Up)
1605,SZA,Open Arms
1606,Milo j,Rara Vez
1607,The Kooks,Naive
1608,The Smashing Pumpkins,1979
1609,mgk,my ex's best friend
1610,Olivia Rodrigo,brutal
1611,The Weeknd,Timeless
1612,Chris Jedi,Ahora Dice
1613,Summer Walker,Girls Need Love
1614,Lou Bega,Mambo No. 5 (A Little Bit of...)
1615,Adele,All I Ask
1616,Â¥$,CARNIVAL
1617,Anuel AA,Hasta Que Dios Diga
1618,James Hype,Ferrari
1619,Kansas,Carry on Wayward Son
1620,Selena Gomez,Hands To Myself
1621,Starship,Nothing's Gonna Stop Us Now
1622,Myles Smith,Stargazing
1623,Pink Sweat$,At My Worst
1624,David Guetta,Baby Don't Hurt Me
1625,Gera MX,Botella Tras Botella
1626,Muse,Supermassive Black Hole
1627,Drake,Best I Ever Had
1628,R3HAB,All Around The World (La La La)
1629,BTS,Permission to Dance
1630,Jason Derulo,Whatcha Say
1631,Taylor Swift,champagne problems
1632,Keyshia Cole,Love
1633,Big Sean,Bounce Back
1634,Three Days Grace,Animal I Have Become
1635,Vacations,Young
1636,Alicia Keys,Girl on Fire
1637,Little Mix,Secret Love Song
1638,X Ambassadors,Unsteady
1639,UB40,Red Red Wine
1640,Bring Me The Horizon,Can You Feel My Heart
1641,Incubus,Drive
1642,mgk,Bad Things
1643,P!nk,So What
1644,Marshmello,Here With Me
1645,Romeo Santos,Eres MÃ­a
1646,Dove Cameron,Boyfriend
1647,Childish Gambino,Les
1648,Linkin Park,Crawling
1649,Miley Cyrus,The Climb
1650,Adele,Water Under the Bridge
1651,Lana Del Rey,Diet Mountain Dew
1652,Taylor Swift,We Are Never Ever Getting Back Together
1653,Ricky Montgomery,Line Without a Hook
1654,Katy Perry,Never Really Over
1655,Mark Ambor,Belong Together
1656,Sech,Otro Trago
1657,Lil Uzi Vert,Money Longer
1658,J. Cole,She Knows
1659,The Temper Trap,Sweet Disposition
1660,Plan B,Candy
1661,The Killers,When You Were Young
1662,grandson,Blood // Water
1663,Benson Boone,Slow It Down
1664,Gwen Stefani,Hollaback Girl
1665,The Paper Kites,Bloom
1666,Doja Cat,Agora Hills
1667,Rick Springfield,Jessie's Girl
1668,Taylor Swift,"You're On Your Own, Kid"
1669,Wiz Khalifa,Black and Yellow
1670,Wiz Khalifa,Black & Yellow
1671,Alessia Cara,Here
1672,$uicideboy$,Kill Yourself (Part III)
1673,Kodak Black,Tunnel Vision
1674,Lizzy McAlpine,ceilings
1675,Florence + The Machine,You've Got The Love
1676,Mac DeMarco,Heart To Heart
1677,Childish Gambino,Me and Your Mama
1678,Simon & Garfunkel,Mrs. Robinson
1679,John Travolta,You're The One That I Want
1680,Sophie Ellis-Bextor,Murder On The Dancefloor
1681,Jet,Are You Gonna Be My Girl
1682,The Strokes,Last Nite
1683,AJR,Weak
1684,Lil Dicky,Freaky Friday
1685,Dexys Midnight Runners,Come On Eileen
1686,ScHoolboy Q,Collard Greens
1687,Justin Bieber,Friends
1688,Shakira,"Whenever, Wherever"
1689,Rauw Alejandro,Fantasias
1690,Taylor Swift,You Belong With Me
1691,KAROL G,MI EX TENÃA RAZÃN
1692,Bad Bunny,Ignorantes
1693,Juice WRLD,Wasted
1694,Grupo Frontera,NO SE VA
1695,Paul Simon,Mrs. Robinson
1696,Marshmello,Be Kind
1697,Bad Bunny,Amorfoda
1698,Rauw Alejandro,El Efecto
1699,Daft Punk,One More Time
1700,"Tyler, The Creator",BEST INTEREST
1701,Rihanna,Rude Boy
1702,Nirvana,Lithium
1703,Michael Jackson,Thriller
1704,Duke Dumont,Ocean Drive
1705,Mac DeMarco,For the First Time
1706,Selena Gomez,Same Old Love
1707,Harry Styles,Lights Up
1708,One Direction,You & I
1709,Ricky Montgomery,Mr. Loverman
1710,Nio Garcia,La Jeepeta
1711,Sebastian Yatra,Traicionera
1712,Rae Sremmurd,Swang
1713,2Pac,All Eyez On Me
1714,Jarabe De Palo,La flaca
1715,Lana Del Rey,Radio
1716,Slipknot,Psychosocial
1717,Little Mix,Black Magic
1718,Bebe Rexha,I'm a Mess
1719,50 Cent,Many Men (Wish Death)
1720,Foo Fighters,Best of You
1721,Oliver Tree,Miss You
1722,Travis Scott,YOSEMITE
1723,Cosculluela,Madura
1724,The xx,Intro
1725,David Guetta,Where Them Girls At
1726,Joji,Sanctuary
1727,NewJeans,Super Shy
1728,Ice Cube,You Know How We Do It
1729,OneRepublic,Secrets
1730,Auli'i Cravalho,How Far I'll Go
1731,Enrique Iglesias,DUELE EL CORAZON
1732,Disclosure,You & Me
1733,Calvin Harris,Giant
1734,Liana Flores,rises the moon
1735,James Arthur,Naked
1736,Stevie Wonder,"Signed, Sealed, Delivered (I'm Yours)"
1737,Carrie Underwood,Before He Cheats
1738,Bee Gees,More Than A Woman
1739,Paulo Londra,Nena MaldiciÃ³n
1740,Loreen,Tattoo
1741,Snoop Dogg,Drop It Like It's Hot
1742,Aretha Franklin,Respect
1743,Metro Boomin,10 Freaky Girls
1744,JENNIE,SOLO
1745,SofÃ­a Reyes,"1, 2, 3"
1746,Pearl Jam,Even Flow
1747,Owl City,Good Time
1748,BeyoncÃ©,Love On Top
1749,Diplo,Heartless
1750,Timbaland,Apologize
1751,Stevie Wonder,Signed Sealed Delivered I'm Yours
1752,Travis Scott,90210
1753,Cardi B,Up
1754,Pitbull,Hotel Room Service
1755,Billie Eilish,all the good girls go to hell
1756,Muse,Uprising
1757,Cheat Codes,No Promises
1758,Commodores,Easy
1759,Marc Anthony,Vivir Mi Vida
1760,Bon Iver,Skinny Love
1761,Tom Walker,Leave a Light On
1762,Oscar Maydon,Fin de Semana
1763,Pitbull,Fireball
1764,The Cinematic Orchestra,To Build A Home
1765,Bryan Adams,(Everything I Do) I Do It For You
1766,Joel Adams,Please Don't Go
1767,Jason Derulo,Trumpets
1768,Anitta,Envolver
1769,Two Feet,Go Fuck Yourself
1770,Alexandra Stan,Mr. Saxobeat
1771,Drake,Take Care
1772,bÃ´a,Duvet
1773,Roar,I Can't Handle Change
1774,Daddy Yankee,"Lo Que PasÃ³, PasÃ³"
1775,Europe,The Final Countdown
1776,Lady Gaga,Born This Way
1777,Aretha Franklin,I Say a Little Prayer
1778,Maroon 5,Sunday Morning
1779,50 Cent,Just A Lil Bit
1780,Mac Miller,Weekend
1781,Daddy Yankee,Dura
1782,The Vamps,All Night
1783,Post Malone,One Right Now
1784,Phil Collins,You Can't Hurry Love
1785,Britney Spears,Womanizer
1786,Lykke Li,I Follow Rivers
1787,Louis Armstrong,What A Wonderful World
1788,Beach Bunny,Prom Queen
1789,salvia palth,i was all over her
1790,Justin Bieber,Confident
1791,Pink Floyd,Comfortably Numb
1792,Sia,The Greatest
1793,Dua Lipa,Kiss and Make Up
1794,Eiffel 65,Blue (Da Ba Dee)
1795,Billie Eilish,No Time To Die
1796,The Doobie Brothers,Listen to the Music
1797,Rauw Alejandro,Tattoo
1798,Colbie Caillat,Bubbly
1799,JID,Surround Sound
1800,Quevedo,PUNTO G
1801,The Rolling Stones,Gimme Shelter
1802,Alan Walker,"Alone, Pt. II"
1803,Post Malone,Take What You Want
1804,Dominic Fike,Babydoll
1805,Morat,Besos En Guerra
1806,Paul Simon,You Can Call Me Al
1807,XXXTENTACION,I Don't Wanna Do This Anymore
1808,Martin Garrix,Summer Days
1809,Kylie Minogue,Can't Get You out of My Head
1810,Cheat Codes,Sex
1811,Matt Sassari,Give It To Me
1812,Flipp Dinero,Leave Me Alone
1813,Cults,Always Forever
1814,Justin Bieber,Company
1815,Rammstein,Du hast
1816,Roy Orbison,"Oh, Pretty Woman"
1817,G-Eazy,No Limit
1818,BeyoncÃ©,Irreplaceable
1819,System Of A Down,B.Y.O.B.
1820,Avril Lavigne,Sk8er Boi
1821,Eminem,My Name Is
1822,Luke Combs,Beer Never Broke My Heart
1823,Troye Sivan,YOUTH
1824,TiÃ«sto,10:35
1825,Queen,I Want To Break Free
1826,BTS,DNA
1827,Flo Rida,Club Can't Handle Me
1828,Miguel,Girl With The Tattoo Enter.lewd
1829,Daft Punk,Instant Crush
1830,Jesse & Joy,Dueles
1831,21 Savage,redrum
1832,Guns N' Roses,Don't Cry
1833,Fall Out Boy,"Dance, Dance"
1834,Dua Lipa,Be the One
1835,Eyedress,Something About You
1836,Brent Faiyaz,Clouded
1837,Tame Impala,Let It Happen
1838,Boza,Hecha Pa' Mi
1839,Led Zeppelin,Whole Lotta Love
1840,Feid,CHORRITO PA LAS ANIMAS
1841,Arctic Monkeys,Snap Out Of It
1842,Kaash Paige,Love Songs
1843,One Direction,Best Song Ever
1844,Stevie Wonder,Superstition
1845,Breaking Benjamin,The Diary of Jane
1846,James TW,When You Love Someone
1847,Thomas Rhett,Die A Happy Man
1848,Doja Cat,Ain't Shit
1849,Mark Ronson,Valerie
1850,Kina,Can We Kiss Forever?
1851,Hailee Steinfeld,Love Myself
1852,Meghan Trainor,NO
1853,J Balvin,Rojo
1854,Nelly,Ride Wit Me
1855,Rae Sremmurd,Come Get Her
1856,Kiiara,Gold
1857,Rich The Kid,Plug Walk
1858,Gente De Zona,La Gozadera
1859,Kendrick Lamar,King Kunta
1860,Dayglow,Can I Call You Tonight?
1861,Diddy,I'll Be Missing You
1862,John Lennon,Happy Xmas (War Is Over)
1863,Metallica,One
1864,Piso 21,Pa' Olvidarme De Ella
1865,ABBA,Mamma Mia
1866,Drake,Forever
1867,Tove Lo,Talking Body
1868,Fujii Kaze,Shinunoga E-Wa
1869,Ed Maverick,Fuentes de Ortiz
1870,Sam Fischer,This City
1871,J Balvin,Bonita
1872,Coldplay,Hymn for the Weekend
1873,Sasha Alex Sloan,Dancing With Your Ghost
1874,Christian Nodal,AdiÃ³s Amor
1875,Xavi,La VÃ­ctima
1876,Dusty Springfield,Son of a Preacher Man
1877,Linkin Park,Somewhere I Belong
1878,BLACKPINK,As If It's Your Last
1879,Avenged Sevenfold,Hail to the King
1880,Shania Twain,Man! I Feel Like A Woman!
1881,The Offspring,Self Esteem
1882,Los Legendarios,Fiel
1883,DaBaby,Suge
1884,Michael Sembello,Maniac
1885,The Script,Superheroes
1886,League of Legends,Legends Never Die
1887,The Pussycat Dolls,Don't Cha
1888,Taylor Swift,Gorgeous
1889,Vundabar,Alien Blues
1890,System Of A Down,Aerials
1891,Johnny Cash,Hurt
1892,Lizzo,Good as Hell
1893,Chino & Nacho,Andas En Mi Cabeza
1894,One Direction,Little Things
1895,J Balvin,UN PESO
1896,Ariana Grande,breathin
1897,FRENSHIP,Capsize
1898,NF,The Search
1899,OneRepublic,Rescue Me
1900,The Ronettes,Sleigh Ride
1901,Miley Cyrus,Midnight Sky
1902,"Earth, Wind & Fire",Let's Groove
1903,Doja Cat,Get Into It (Yuh)
1904,Mon Laferte,Tu Falta De Querer
1905,Bad Bunny,Sensualidad
1906,Clean Bandit,I Miss You
1907,YOASOBI,å¤ã«é§ãã
1908,THE ANXIETY,Meet Me At Our Spot
1909,Cardi B,Please Me
1910,Junior H,Y LLORO
1911,Zedd,Clarity
1912,David Guetta,Say My Name
1913,Drake,Marvins Room
1914,Pitbull,International Love
1915,Taio Cruz,Break Your Heart
1916,Radiohead,Karma Police
1917,Bad Bunny,La Corriente
1918,Meghan Trainor,Dear Future Husband
1919,Green Day,21 Guns
1920,The Righteous Brothers,Unchained Melody
1921,Laufey,From The Start
1922,Taylor Swift,the 1
1923,Bad Bunny,Un Coco
1924,Black Eyed Peas,Just Canât Get Enough
1925,Kid Cudi,Pursuit Of Happiness
1926,PARTYNEXTDOOR,Come and See Me
1927,Daniel Caesar,Japanese Denim
1928,Luis Miguel,La Incondicional
1929,Jax Jones,You Donât Know Me
1930,Michael Jackson,Rock With You
1931,All Time Low,"Dear Maria, Count Me In"
1932,Simon & Garfunkel,The Sound of Silence
1933,OneRepublic,Run
1934,Limp Bizkit,Rollin' (Air Raid Vehicle)
1935,David Guetta,Flames
1936,The Chainsmokers,Takeaway
1937,Fuerza Regida,SABOR FRESA
1938,The Chainsmokers,This Feeling
1939,Ricky Martin,Vente Pa' Ca
1940,Frank Sinatra,Let It Snow! Let It Snow! Let It Snow!
1941,Frank Sinatra,"Let It Snow, Let It Snow!"
1942,Christmas Hits,Frank Sinatra
1943,Taylor Swift,Bad Blood
1944,Foo Fighters,Learn to Fly
1945,Taylor Swift,my tears ricochet
1946,Fergie,Big Girls Don't Cry (Personal)
1947,Imanbek,Belly Dancer
1948,Kanye West,Black Skinhead
1949,Shawn Mendes,I Know What You Did Last Summer
1950,Gabry Ponte,Thunder
1951,Jessie J,Domino
1952,Rvssian,Santa
1953,Lil Pump,Gucci Gang
1954,The All-American Rejects,Gives You Hell
1955,King Von,Took Her To The O
1956,Jessie J,Price Tag
1957,Tove Lo,Stay High
1958,Rema,Calm Down
1959,Chase Atlantic,Into It
1960,The Beatles,Hey Jude
1961,Lady Gaga,Applause
1962,Bob Marley & The Wailers,Jamming
1963,Chino Pacas,El Gordo Trae El Mando
1964,Tove Lo,Habits (Stay High)
1965,Fuerza Regida,Bebe Dame
1966,Alan Walker,Darkside
1967,Maluma,Sobrio
1968,Justin Timberlake,Cry Me a River
1969,Shawn Mendes,Monster (Shawn Mendes & Justin Bieber)
1970,Khalid,OTW
1971,BeyoncÃ©,Drunk in Love
1972,NewJeans,Hype Boy
1973,U2,One
1974,ThxSoMch,SPIT IN MY FACE!
1975,The Who,Baba O'Riley
1976,The Weeknd,Wicked Games
1977,Kanye West,Famous
1978,David Guetta,Bad
1979,Rupert Holmes,Escape (The Pina Colada Song)
1980,Green Day,When I Come Around
1981,Chappell Roan,HOT TO GO!
1982,R. Kelly,Ignition
1983,Daniel Powter,Bad Day
1984,Rihanna,Kiss It Better
1985,BeyoncÃ©,TEXAS HOLD 'EM
1986,Rita Ora,Your Song
1987,Hozier,Someone New
1988,blackbear,do re mi
1989,Soulja Boy,Crank That (Soulja Boy)
1990,BeyoncÃ©,If I Were a Boy
1991,George Michael,Faith
1992,John Denver,"Take Me Home, Country Roads"
1993,David Guetta,Play Hard
1994,Danny Ocean,Dembow
1995,Charlie Puth,Light Switch
1996,Myke Towers,LA FALDA
1997,Katy Perry,Part Of Me
1998,Snakehips,All My Friends
1999,The Black Keys,Lonely Boy
2000,Bad Bunny,Una Vez
2001,Carlos Baute,Colgando en tus manos (con Marta SÃ¡nchez)
2002,Bad Bunny,DtMF
2003,Chris Brown,Loyal
2004,Empire Of The Sun,We Are The People
2005,Becky G,Cuando Te BesÃ©
2006,Dwayne Johnson,You're Welcome
2007,Sheppard,Geronimo
2008,Band Aid,Do They Know It's Christmas?
2009,KAROL G,"Ay, DiOs MÃ­o!"
2010,Miguel,Sky Walker
2011,Zion & Lennox,La player (Bandolera)
2012,NF,Lie
2013,Lady Gaga,Bloody Mary
2014,Calvin Harris,Under Control
2015,Jack Johnson,Banana Pancakes
2016,Ellie Goulding,Close To Me
2017,GoldLink,Crew
2018,"Tyler, The Creator",ARE WE STILL FRIENDS?
2019,The Rolling Stones,Sympathy For The Devil
2020,Loren Allred,Never Enough
2021,Mary J. Blige,Family Affair
2022,Linkin Park,Papercut
2023,Amy Winehouse,Valerie
2024,Kehlani,Nights Like This
2025,Lorde,Green Light
2026,U2,Beautiful Day
2027,Dean Lewis,Waves
2028,Silk City,Electricity
2029,Maluma,HP
2030,Dan + Shay,Tequila
2031,Shawn Mendes,Wonder
2032,Queen,Radio Ga Ga
2033,Jay Rock,King's Dead
2034,Saweetie,Best Friend
2035,Travis Scott,MY EYES
2036,Sean Paul,Get Busy
2037,CKay,love nwantiti
2038,House Of Pain,Jump Around
2039,Lil Wayne,A Milli
2040,YNW Melly,Suicidal
2041,Sech,RelaciÃ³n
2042,KAROL G,X SI VOLVEMOS
2043,Ed Sheeran,Tenerife Sea
2044,Morat,No Se Va
2045,Danny Ocean,Fuera del mercado
2046,Hailee Steinfeld,Most Girls
2047,Steve Lacy,C U Girl
2048,t.A.T.u.,All The Things She Said
2049,Backstreet Boys,Everybody (Backstreet's Back)
2050,Modjo,Lady
2051,Harry Styles,Sweet Creature
2052,Rammstein,Sonne
2053,Lifehouse,You And Me
2054,Christian Nodal,Ya No Somos Ni Seremos
2055,TV Girl,Blue Hair
2056,Labrinth,All For Us
2057,Shania Twain,You're Still The One
2058,Burak Yeter,Tuesday
2059,Soda Stereo,De MÃºsica Ligera
2060,Eagle-Eye Cherry,Save Tonight
2061,Romeo Santos,Imitadora
2062,Taylor Swift,Bejeweled
2063,Sam Cooke,(What A) Wonderful World
2064,Chris Brown,Ayo
2065,Taylor Swift,I Can Do It With a Broken Heart
2066,Nickelback,Rockstar
2067,Sade,Smooth Operator
2068,6ix9ine,BEBE
2069,Camilo,Tutu
2070,Nick Jonas,Jealous
2071,Eric Carmen,Hungry Eyes
2072,The Strokes,Reptilia
2073,The Chainsmokers,Call You Mine
2074,BTS,Euphoria
2075,Post Malone,Stay
2076,Sia,Genius
2077,Justin Bieber,Boyfriend
2078,Don Henley,The Boys Of Summer
2079,Al Green,Let's Stay Together
2080,Childish Gambino,Heartbeat
2081,Arctic Monkeys,Arabella
2082,Chris Stapleton,You Should Probably Leave
2083,Sam Cooke,Wonderful World (Remastered)
2084,The Chainsmokers,All We Know
2085,Ozuna,Dile Que Tu Me Quieres
2086,XXXTENTACION,BAD!
2087,Maluma,CorazÃ³n
2088,Nicky Jam,Hasta el Amanecer
2089,Bryson Tiller,Right My Wrongs
2090,Lil Tecca,Love Me
2091,BLACKPINK,Lovesick Girls
2092,Rels B,cÃ³mo dormiste?
2093,J Balvin,No Es Justo
2094,Ciara,"1, 2 Step"
2095,Ritt Momney,Put Your Records On
2096,Natanael Cano,Madonna
2097,The Human League,Don't You Want Me
2098,Juice WRLD,Let Me Know (I Wonder Why Freestyle)
2099,Lil Peep,nuts
2100,MARINA,Bubblegum Bitch
2101,Michael Marcagi,Scared To Start
2102,Blue Ãyster Cult,(Don't Fear) The Reaper
2103,Trueno,Mamichula
2104,Gracie Abrams,"I miss you, Iâm sorry"
2105,Bazzi,Paradise
2106,Luke Bryan,Play It Again
2107,Daya,"Sit Still, Look Pretty"
2108,One Direction,History
2109,Kanye West,Ghost Town
2110,Chris Brown,Forever
2111,Morgan Wallen,Thinkinâ Bout Me
2112,Joji,worldstar money (interlude)
2113,Lil Wayne,Lollipop
2114,Kendrick Lamar,Poetic Justice
2115,Super Yei,La Forma en Que Me Miras
2116,Rihanna,What's My Name?
2117,The Beach Boys,Wouldn't It Be Nice
2118,Iggy Azalea,Black Widow
2119,Rauw Alejandro,Reloj
2120,Billie Eilish,listen before i go
2121,KAROL G,EL MAKINON
2122,NLE Choppa,Walk Em Down
2123,Bazzi,I.F.L.Y.
2124,Pop Smoke,Hello
2125,Steppenwolf,Born To Be Wild
2126,Lil Xan,Betrayed
2127,Jeremih,Don't Tell 'Em
2128,Ozuna,Una Locura
2129,Lil Skies,Lust
2130,Martin Garrix,There for You
2131,Shakira,Can't Remember to Forget You
2132,Sebastian Yatra,Un AÃ±o
2133,Robbie Williams,Angels
2134,JAY-Z,Run This Town
2135,Oliver Tree,Life Goes On
2136,Adele,Oh My God
2137,Aventura,Obsesion
2138,Nelly,Hot In Herre
2139,Bakar,Hell N Back
2140,Kygo,Remind Me to Forget
2141,Troye Sivan,Angel Baby
2142,Madison Beer,Reckless
2143,Post Malone,Chemical
2144,Bon Jovi,Always
2145,Andy Grammer,Don't Give Up On Me
2146,Starship,We Built This City
2147,Pablo AlborÃ¡n,Saturno
2148,Nicky Jam,El Amante
2149,Childish Gambino,This Is America
2150,Men I Trust,Show Me How
2151,Brett Young,In Case You Didn't Know
2152,T.I.,Live Your Life
2153,Migos,Slippery
2154,DJ Khaled,No Brainer
2155,Coyote Theory,This Side of Paradise
2156,Bishop Briggs,River
2157,Christian Nodal,De Los Besos Que Te Di
2158,Luke Combs,The Kind of Love We Make
2159,Demi Lovato,Confident
2160,Cigarettes After Sex,Sweet
2161,XXXTENTACION,Arms Around You
2162,Sebastian Yatra,No Hay Nadie MÃ¡s
2163,Astrid S,Hurts So Good
2164,Kygo,Born To Be Yours
2165,Ariana Grande,pov
2166,Ariana Grande,"yes, and?"
2167,Camilo,Vida de Rico
2168,Belanova,Rosa Pastel
2169,The Pointer Sisters,I'm So Excited
2170,Rae Sremmurd,No Type
2171,Ozuna,Solita
2172,Slipknot,Before I Forget
2173,Echosmith,Cool Kids
2174,Bad Bunny,DtMF
2175,Kygo,Stay
2176,Morgan Wallen,More Than My Hometown
2177,Ziv Zaifman,A Million Dreams
2178,Cardi B,Money
2179,ArcÃ¡ngel,Sigues Con El
2180,Aventura,Dile al Amor
2181,Amy Winehouse,Rehab
2182,2Pac,Changes
2183,21 Savage,X
2184,Gracie Abrams,"I Love You, I'm Sorry"
2185,Dave,Location
2186,Korn,Freak On a Leash
2187,ROSALÃA,"Yo x Ti, Tu x Mi"
2188,Aqua,Barbie Girl
2189,J Balvin,Safari
2190,The Killers,Human
2191,Hugh Jackman,The Greatest Show
2192,Brent Faiyaz,Trust
2193,David Bowie,Starman
2194,SZA,The Weekend
2195,CÃ©line Dion,My Heart Will Go On
2196,James Horner,My Heart Will Go On (Dialogue Mix)
2197,Migos,MotorSport
2198,Drake,Portland
2199,AronChupa,I'm an Albatraoz
2200,Rex Orange County,Sunflower
2201,BLACKPINK,Ice Cream
2202,Kid Cudi,Mr. Rager
2203,Post Malone,Hollywood's Bleeding
2204,Nicki Minaj,Super Freaky Girl
2205,Suki Waterhouse,Good Looking
2206,Doja Cat,Vegas (From the Original Motion Picture Soundtrack ELVIS)
2207,Bad Bunny,MONACO
2208,BTS,Blood Sweat & Tears
2209,Drake,The Motto
2210,The Ronettes,Be My Baby
2211,Eminem,Houdini
2212,One Direction,They Don't Know About Us
2213,Ava Max,So Am I
2214,Russ,What They Want
2215,Metallica,The Unforgiven
2216,Pop Smoke,Invincible
2217,Sam Smith,Lay Me Down
2218,Bob Dylan,Knockin' On Heaven's Door
2219,Peso Pluma,Por Las Noches
2220,Lil Wayne,Mirror
2221,Trippie Redd,Taking A Walk
2222,Selena Gomez,Fetish
2223,Quevedo,VISTA AL MAR
2224,Katy Perry,Wide Awake
2225,Ski Mask The Slump God,Faucet Failure
2226,Nat King Cole,The Christmas Song (Merry Christmas To You)
2227,Dean Martin,"Rudolph, The Red-Nosed Reindeer"
2228,bommelg,Rudolph The Red Nosed Reindeer
2229,Nat King Cole Trio,The Christmas Song (Merry Christmas To You)
2230,Fuerza Regida,HARLEY QUINN
2231,George Harrison,My Sweet Lord (2014 Remaster)
2232,Marshmello,One Thing Right
2233,A Boogie Wit da Hoodie,My Shit
2234,Drake,Way 2 Sexy
2235,Sam Feldt,Post Malone
2236,Twenty One Pilots,Tear in My Heart
2237,J Balvin,Ginza
2238,Bruce Springsteen,I'm On Fire
2239,Katy Perry,Chained To The Rhythm
2240,Pritam,Kesariya
2241,Chuck Berry,Johnny B. Goode
2242,PUBLIC,Make You Mine
2243,BeyoncÃ©,Run the World (Girls)
2244,Katy Perry,Harleys In Hawaii
2245,Jeremy Zucker,you were good to me (bonus track)
2246,Don Omar,SaliÃ³ El Sol
2247,Eminem,Sing For The Moment
2248,Dire Straits,Money For Nothing
2249,The Smiths,This Charming Man
2250,Harry Styles,Matilda
2251,Juanes,Es Por Ti
2252,Blondie,Call Me
2253,Fuerza Regida,Ch y la Pizza
2254,Two Feet,I Feel Like I'm Drowning
2255,Pearl Jam,Alive
2256,Julia Michaels,Heaven
2257,Lauren Daigle,You Say
2258,Ryan Castro,Jordan
2259,Nio Garcia,AM Remix
2260,Joy Again,Looking Out for You
2261,Mobb Deep,"Shook Ones, Pt. II"
2262,Steve Lacy,Some
2263,Bad Bunny,DespuÃ©s de la Playa
2264,Manuel Turizo,La Nota
2265,Gala,Freed from Desire
2266,Harry Styles,Fine Line
2267,Calvin Harris,Sweet Nothing
2268,Keane,Everybody's Changing
2269,JP Cooper,September Song
2270,XXXTENTACION,Carry On
2271,Jack Harlow,Tyler Herro
2272,Marshmello,Alone
2273,Belinda Carlisle,Heaven Is A Place On Earth
2274,Dean Lewis,How Do I Say Goodbye
2275,Peggy Gou,(It Goes Like) Nanana
2276,Elvis Presley,Jailhouse Rock
2277,Chris Rea,Driving Home for Christmas
2278,Norah Jones,Don't Know Why
2279,Luis R Conriquez,Si No Quieres No
2280,Ed Sheeran,Lego House
2281,Juice WRLD,Righteous
2282,The 1975,About You
2283,Famous Dex,PICK IT UP
2284,JÃ³sean Log,ChachachÃ¡
2285,Fuerza Regida,TQM
2286,Paul McCartney,Wonderful Christmastime
2287,Nicki Minaj,Only
2288,Travis Scott,5% TINT
2289,The Weeknd,In The Night
2290,Trippie Redd,Miss The Rage
2291,John Mayer,Your Body Is a Wonderland
2292,Talking Heads,Psycho Killer
2293,Eyedress,Romantic Lover
2294,Pop Smoke,The Woo
2295,Kenny Loggins,Danger Zone
2296,Chappell Roan,Pink Pony Club
2297,The Cranberries,Dreams
2298,Bad Bunny,Otra Noche en Miami
2299,La Factoria,PerdÃ³name
2300,Tory Lanez,Say It
2301,Daddy Yankee,Limbo
2302,Ozuna,Baila Baila Baila
2303,J. Cole,G.O.M.D
2304,BeyoncÃ©,7/11
2305,Peter Bjorn and John,Young Folks
2306,Quality Control,Baby (Lil Baby feat. DaBaby)
2307,Evanescence,My Immortal
2308,Paramore,The Only Exception
2309,Jordan Davis,Buy Dirt
2310,Kim Carnes,Bette Davis Eyes
2311,Sum 41,In Too Deep
2312,The Strokes,The Adults Are Talking
2313,The Living Tombstone,My Ordinary Life
2314,Louis Tomlinson,Back to You
2315,LeÃ³n Larregui,Brillas
2316,Madonna,Like a Prayer
2317,Eminem,Shake That
2318,Deep Purple,Smoke on the Water
2319,Alicia Keys,Fallin'
2320,Lil Jon & The East Side Boyz,Get Low
2321,Giorgio Moroder,Danger Zone
2322,Zara Larsson,Ruin My Life
2323,Akon,Right Now (Na Na Na)
2324,Reik,Ya Me EnterÃ©
2325,The Kid LAROI,NIGHTS LIKE THIS
2326,Olivia Rodrigo,"1 step forward, 3 steps back"
2327,DJ Luian,Verte Ir
2328,NLE Choppa,Camelot
2329,SZA,Low
2330,Christina Perri,jar of hearts
2331,Future,Solo
2332,Enrique Iglesias,Cuando Me Enamoro
2333,JosÃ© GonzÃ¡lez,Heartbeats
2334,Ariana Grande,Everyday
2335,Ozuna,El Farsante
2336,Tame Impala,"New Person, Same Old Mistakes"
2337,JhenÃ© Aiko,Sativa
2338,"Tyler, The Creator",She
2339,King Princess,1950
2340,Four Tops,"I Can't Help Myself (Sugar Pie, Honey Bunch)"
2341,Tinlicker,Because You Move Me
2342,Bob Marley & The Wailers,One Love / People Get Ready
2343,Metallica,For Whom The Bell Tolls
2344,Drowning Pool,Bodies
2345,BLACKPINK,BOOMBAYAH
2346,Steve Lacy,Infrunami
2347,Gucci Mane,I Get the Bag
2348,The Beatles,Twist And Shout
2349,Manuel Turizo,QuiÃ©reme Mientras Se Pueda
2350,Warren G,Regulate
2351,Vacations,Telephones
2352,Etta James,At Last
2353,Halsey,You should be sad
2354,Dua Lipa,Blow Your Mind (Mwah)
2355,Jack Johnson,Upside Down
2356,Timmy Trumpet,Freaks
2357,Olivia Rodrigo,bad idea right?
2358,Doja Cat,Candy
2359,DJ Khaled,GREECE
2360,Anggi Marito,Tak Segampang Itu
2361,Sia,Thunderclouds
2362,KAROL G,MIENTRAS ME CURO DEL CORA
2363,Ed Sheeran,Sing
2364,Jessie J,Flashlight
2365,"Earth, Wind & Fire",Boogie Wonderland
2366,Selena Gomez,The Heart Wants What It Wants
2367,Jeremih,Birthday Sex
2368,Michael BublÃ©,Feeling Good
2369,Rauw Alejandro,2/Catorce
2370,Tate McRae,exes
2371,Banda MS de Sergio LizÃ¡rraga,El Color de Tus Ojos
2372,Fools Garden,Lemon Tree
2373,Sech,Otro Trago
2374,DJ Snake,Turn Down for What
2375,Carly Simon,You're So Vain
2376,Third Eye Blind,Semi-Charmed Life
2377,Madonna,Material Girl
2378,The Police,Message In A Bottle
2379,Shawn Mendes,Lost In Japan
2380,Phil Collins,Another Day in Paradise
2381,The Red Jumpsuit Apparatus,Face Down
2382,Ludovico Einaudi,Experience
2383,Billy Joel,We Didn't Start the Fire
2384,Ozuna,SÃ­guelo Bailando
2385,SZA,Shirt
2386,FISHER,Losing It
2387,Luniz,I Got 5 On It
2388,Alec Benjamin,Water Fountain
2389,Cassie,Me & U
2390,Christian Nodal,No Te Contaron Mal
2391,Calibre 50,Si Te Pudiera Mentir
2392,John Mayer,Free Fallin'
2393,Feid,Ferxxo 100
2394,Weezer,Say It Ain't So
2395,Clairo,Bubble Gum
2396,Shakira,La tortura
2397,ABBA,Lay All Your Love On Me
2398,80purppp,Hex
2399,Nelly,Just A Dream
2400,Pop Smoke,Element
2401,ILLIT,Magnetic
2402,Norman Greenbaum,Spirit In The Sky
2403,Twenty One Pilots,Chlorine
2404,Tate McRae,she's all i wanna be
2405,$uicideboy$,Paris
2406,Spin Doctors,Two Princes
2407,The Fray,You Found Me
2408,LISA,LALISA
2409,Conan Gray,Memories
2410,Jin,The Astronaut
2411,SLANDER,Love Is Gone
2412,Roddy Ricch,High Fashion
2413,Lady Gaga,Alejandro
2414,Nick Jonas,Close
2415,Lil Nas X,HOLIDAY
2416,Mumford & Sons,The Cave
2417,Alexander 23,IDK You Yet
2418,Myke Towers,Si Se Da
2419,RunâD.M.C.,Walk This Way
2420,Savage Garden,Truly Madly Deeply
2421,Shaggy,Angel
2422,John Mayer,Slow Dancing In A Burning Room
2423,Billie Eilish,my strange addiction
2424,Tyler Childers,Feathered Indians
2425,Old Dominion,One Man Band
2426,Red Hot Chili Peppers,By the Way
2427,Duki,She Don't Give a Fo
2428,Alice Deejay,Better Off Alone
2429,Michael Jackson,Don't Stop 'Til You Get Enough
2430,Billie Eilish,my boy
2431,T.I.,Whatever You Like
2432,ManÃ¡,Oye Mi Amor
2433,ArcÃ¡ngel,Tu No Vive Asi
2434,Alan Walker,All Falls Down
2435,6ix9ine,MALA
2436,Black Eyed Peas,GIRL LIKE ME
2437,Daya,Hide Away
2438,Ne-Yo,Because Of You
2439,A$AP Rocky,L$D
2440,The Foundations,Build Me Up Buttercup
2441,Backstreet Boys,As Long as You Love Me
2442,Playboi Carti,wokeuplikethis*
2443,The Cure,Just Like Heaven
2444,Vance Joy,Mess Is Mine
2445,Joel Corry,OUT OUT
2446,Feby Putri,Runtuh
2447,SHAED,Trampoline
2448,Brenda Lee,Rockin' Around the Christmas Tree
2449,Ed Sheeran,Give Me Love
2450,Bing Crosby,White Christmas
2451,Bing Crosby,Santa Claus Is Comin' to Town
2452,Gene Autry,Rudolph the Red-Nosed Reindeer
2453,Juice WRLD,Black & White
2454,Ava Max,My Head & My Heart
2455,Selena Gomez,Kill Em With Kindness
2456,Bad Bunny,Un Ratito
2457,Julieta Venegas,Me Voy
2458,Amy Macdonald,This Is The Life
2459,Dua Lipa,Training Season
2460,Nicky Jam,Te RobarÃ©
2461,Tame Impala,Feels Like We Only Go Backwards
2462,Linkin Park,BURN IT DOWN
2463,Daddy Yankee,La Rompe Corazones
2464,Pia Mia,Do It Again
2465,MEDUZA,Bad Memories
2466,Sufjan Stevens,Mystery of Love (From the Original Motion Picture âCall Me by Your Nameâ)
2467,Billie Eilish,bitches broken hearts
2468,Charli xcx,Guess featuring billie eilish
2469,David Guetta,When Love Takes Over
2470,Armin van Buuren,Blah Blah Blah
2471,James Arthur,Falling Like The Stars
2472,Amy Winehouse,You Know I'm No Good
2473,OneRepublic,I Lived
2474,The Chainsmokers,Who Do You Love
2475,Frankie Valli,Can't Take My Eyes off You
2476,Melanie Martinez,Pacify Her
2477,JVKE,this is what falling in love feels like
2478,SAYGRACE,You Don't Own Me
2479,Harry Styles,Kiwi
2480,Frank Sinatra,My Way
2481,J Balvin,Azul
2482,Eslabon Armado,Jugaste y SufrÃ­
2483,AminÃ©,REEL IT IN
2484,Daft Punk,Get Lucky
2485,Post Malone,Feeling Whitney
2486,"Grover Washington, Jr.",Just the Two of Us
2487,The Turtles,Happy Together
2488,The Beatles,Blackbird
2489,Sublime,What I Got
2490,David Bowie,Heroes
2491,MÃ,Final Song
2492,Kanye West,Devil In A New Dress
2493,Frankie Valli & The Four Seasons,"December, 1963 (Oh, What a Night)"
2494,Richard Marx,Right Here Waiting
2495,Akon,I Wanna Love You
2496,Mario Winans,I Don't Wanna Know
2497,Bring Me The Horizon,Throne
2498,Gym Class Heroes,Cupid's Chokehold / Breakfast in America
2499,Tony Dize,Permitame
